-- -------------------------------------------------------------
-- TablePlus 5.0.2(458)
--
-- https://tableplus.com/
--
-- Database: viatick
-- Generation Time: 2022-10-17 3:21:16.9100 PM
-- -------------------------------------------------------------


/*!40101 SET @OLD_CHARACTER_SET_CLIENT=@@CHARACTER_SET_CLIENT */;
/*!40101 SET @OLD_CHARACTER_SET_RESULTS=@@CHARACTER_SET_RESULTS */;
/*!40101 SET @OLD_COLLATION_CONNECTION=@@COLLATION_CONNECTION */;
/*!40101 SET NAMES utf8mb4 */;
/*!40014 SET @OLD_UNIQUE_CHECKS=@@UNIQUE_CHECKS, UNIQUE_CHECKS=0 */;
/*!40014 SET @OLD_FOREIGN_KEY_CHECKS=@@FOREIGN_KEY_CHECKS, FOREIGN_KEY_CHECKS=0 */;
/*!40101 SET @OLD_SQL_MODE=@@SQL_MODE, SQL_MODE='NO_AUTO_VALUE_ON_ZERO' */;
/*!40111 SET @OLD_SQL_NOTES=@@SQL_NOTES, SQL_NOTES=0 */;


DROP TABLE IF EXISTS `Devices`;
CREATE TABLE `Devices` (
  `id` int(10) unsigned NOT NULL AUTO_INCREMENT,
  `name` varchar(255) NOT NULL,
  `slug` varchar(255) NOT NULL,
  `icon` varchar(255) NOT NULL,
  `fields` text DEFAULT NULL,
  `createdAt` datetime NOT NULL,
  `updatedAt` datetime NOT NULL,
  PRIMARY KEY (`id`),
  UNIQUE KEY `slug` (`slug`)
) ENGINE=InnoDB AUTO_INCREMENT=4 DEFAULT CHARSET=utf8mb4;

DROP TABLE IF EXISTS `DeviceUserHistories`;
CREATE TABLE `DeviceUserHistories` (
  `id` int(10) unsigned NOT NULL AUTO_INCREMENT,
  `takenAt` datetime DEFAULT NULL,
  `usage` int(11) DEFAULT NULL,
  `createdAt` datetime NOT NULL,
  `updatedAt` datetime NOT NULL,
  `DeviceUserId` int(10) unsigned DEFAULT NULL,
  PRIMARY KEY (`id`),
  KEY `DeviceUserId` (`DeviceUserId`),
  CONSTRAINT `deviceuserhistories_ibfk_1` FOREIGN KEY (`DeviceUserId`) REFERENCES `DeviceUsers` (`id`) ON DELETE SET NULL ON UPDATE CASCADE
) ENGINE=InnoDB AUTO_INCREMENT=301 DEFAULT CHARSET=utf8mb4;

DROP TABLE IF EXISTS `DeviceUsers`;
CREATE TABLE `DeviceUsers` (
  `id` int(10) unsigned NOT NULL AUTO_INCREMENT,
  `deviceData` text DEFAULT NULL,
  `createdAt` datetime NOT NULL,
  `updatedAt` datetime NOT NULL,
  `UserId` int(10) unsigned DEFAULT NULL,
  `DeviceId` int(10) unsigned DEFAULT NULL,
  PRIMARY KEY (`id`),
  UNIQUE KEY `DeviceUsers_UserId_DeviceId_unique` (`UserId`,`DeviceId`),
  UNIQUE KEY `device_users_device_id_user_id` (`DeviceId`,`UserId`),
  CONSTRAINT `deviceusers_ibfk_1` FOREIGN KEY (`UserId`) REFERENCES `Users` (`id`) ON DELETE CASCADE ON UPDATE CASCADE,
  CONSTRAINT `deviceusers_ibfk_2` FOREIGN KEY (`DeviceId`) REFERENCES `Devices` (`id`) ON DELETE CASCADE ON UPDATE CASCADE
) ENGINE=InnoDB AUTO_INCREMENT=7 DEFAULT CHARSET=utf8mb4;

DROP TABLE IF EXISTS `Users`;
CREATE TABLE `Users` (
  `id` int(10) unsigned NOT NULL AUTO_INCREMENT,
  `name` varchar(255) NOT NULL,
  `slug` varchar(255) NOT NULL,
  `createdAt` datetime NOT NULL,
  `updatedAt` datetime NOT NULL,
  PRIMARY KEY (`id`),
  UNIQUE KEY `slug` (`slug`)
) ENGINE=InnoDB AUTO_INCREMENT=3 DEFAULT CHARSET=utf8mb4;

INSERT INTO `Devices` (`id`, `name`, `slug`, `icon`, `fields`, `createdAt`, `updatedAt`) VALUES
(1, 'Smart Car Park', 'smart-car-park', 'parking.png', 'totalSpost,takenSpots,availableSpots', '2022-10-16 11:01:21', '2022-10-16 11:01:21'),
(2, 'Air conditioner', 'air-conditioner', 'aircon.png', 'temperature,humidity', '2022-10-16 11:03:33', '2022-10-16 11:03:33'),
(3, 'Intercom', 'intercom', 'intercom.png', '', '2022-10-16 11:03:58', '2022-10-16 11:03:58');

INSERT INTO `DeviceUserHistories` (`id`, `takenAt`, `usage`, `createdAt`, `updatedAt`, `DeviceUserId`) VALUES
(1, '2022-10-14 00:00:00', 2, '2022-10-14 00:00:00', '2022-10-14 00:00:00', 3),
(2, '2022-10-14 01:00:00', 1, '2022-10-14 01:00:00', '2022-10-14 01:00:00', 2),
(3, '2022-10-14 02:00:00', 9, '2022-10-14 02:00:00', '2022-10-14 02:00:00', 2),
(4, '2022-10-14 03:00:00', 24, '2022-10-14 03:00:00', '2022-10-14 03:00:00', 1),
(5, '2022-10-14 04:00:00', 11, '2022-10-14 04:00:00', '2022-10-14 04:00:00', 3),
(6, '2022-10-14 05:00:00', 18, '2022-10-14 05:00:00', '2022-10-14 05:00:00', 1),
(7, '2022-10-14 06:00:00', 29, '2022-10-14 06:00:00', '2022-10-14 06:00:00', 3),
(8, '2022-10-14 07:00:00', 8, '2022-10-14 07:00:00', '2022-10-14 07:00:00', 3),
(9, '2022-10-14 08:00:00', 28, '2022-10-14 08:00:00', '2022-10-14 08:00:00', 1),
(10, '2022-10-14 09:00:00', 27, '2022-10-14 09:00:00', '2022-10-14 09:00:00', 3),
(11, '2022-10-14 10:00:00', 5, '2022-10-14 10:00:00', '2022-10-14 10:00:00', 1),
(12, '2022-10-14 11:00:00', 2, '2022-10-14 11:00:00', '2022-10-14 11:00:00', 1),
(13, '2022-10-14 12:00:00', 21, '2022-10-14 12:00:00', '2022-10-14 12:00:00', 3),
(14, '2022-10-14 13:00:00', 21, '2022-10-14 13:00:00', '2022-10-14 13:00:00', 2),
(15, '2022-10-14 14:00:00', 17, '2022-10-14 14:00:00', '2022-10-14 14:00:00', 2),
(16, '2022-10-14 15:00:00', 22, '2022-10-14 15:00:00', '2022-10-14 15:00:00', 2),
(17, '2022-10-14 16:00:00', 12, '2022-10-14 16:00:00', '2022-10-14 16:00:00', 3),
(18, '2022-10-14 17:00:00', 8, '2022-10-14 17:00:00', '2022-10-14 17:00:00', 2),
(19, '2022-10-14 18:00:00', 24, '2022-10-14 18:00:00', '2022-10-14 18:00:00', 2),
(20, '2022-10-14 19:00:00', 26, '2022-10-14 19:00:00', '2022-10-14 19:00:00', 1),
(21, '2022-10-14 20:00:00', 14, '2022-10-14 20:00:00', '2022-10-14 20:00:00', 1),
(22, '2022-10-14 21:00:00', 27, '2022-10-14 21:00:00', '2022-10-14 21:00:00', 3),
(23, '2022-10-14 22:00:00', 26, '2022-10-14 22:00:00', '2022-10-14 22:00:00', 2),
(24, '2022-10-14 23:00:00', 13, '2022-10-14 23:00:00', '2022-10-14 23:00:00', 2),
(25, '2022-10-15 00:00:00', 9, '2022-10-15 00:00:00', '2022-10-15 00:00:00', 1),
(26, '2022-10-15 01:00:00', 5, '2022-10-15 01:00:00', '2022-10-15 01:00:00', 1),
(27, '2022-10-15 02:00:00', 18, '2022-10-15 02:00:00', '2022-10-15 02:00:00', 2),
(28, '2022-10-15 03:00:00', 7, '2022-10-15 03:00:00', '2022-10-15 03:00:00', 2),
(29, '2022-10-15 04:00:00', 26, '2022-10-15 04:00:00', '2022-10-15 04:00:00', 2),
(30, '2022-10-15 05:00:00', 14, '2022-10-15 05:00:00', '2022-10-15 05:00:00', 3),
(31, '2022-10-15 06:00:00', 16, '2022-10-15 06:00:00', '2022-10-15 06:00:00', 2),
(32, '2022-10-15 07:00:00', 24, '2022-10-15 07:00:00', '2022-10-15 07:00:00', 3),
(33, '2022-10-15 08:00:00', 13, '2022-10-15 08:00:00', '2022-10-15 08:00:00', 2),
(34, '2022-10-15 09:00:00', 14, '2022-10-15 09:00:00', '2022-10-15 09:00:00', 1),
(35, '2022-10-15 10:00:00', 24, '2022-10-15 10:00:00', '2022-10-15 10:00:00', 2),
(36, '2022-10-15 11:00:00', 27, '2022-10-15 11:00:00', '2022-10-15 11:00:00', 2),
(37, '2022-10-15 12:00:00', 17, '2022-10-15 12:00:00', '2022-10-15 12:00:00', 1),
(38, '2022-10-15 13:00:00', 6, '2022-10-15 13:00:00', '2022-10-15 13:00:00', 3),
(39, '2022-10-15 14:00:00', 9, '2022-10-15 14:00:00', '2022-10-15 14:00:00', 2),
(40, '2022-10-15 15:00:00', 2, '2022-10-15 15:00:00', '2022-10-15 15:00:00', 2),
(41, '2022-10-15 16:00:00', 16, '2022-10-15 16:00:00', '2022-10-15 16:00:00', 1),
(42, '2022-10-15 17:00:00', 30, '2022-10-15 17:00:00', '2022-10-15 17:00:00', 2),
(43, '2022-10-15 18:00:00', 2, '2022-10-15 18:00:00', '2022-10-15 18:00:00', 3),
(44, '2022-10-15 19:00:00', 4, '2022-10-15 19:00:00', '2022-10-15 19:00:00', 2),
(45, '2022-10-15 20:00:00', 26, '2022-10-15 20:00:00', '2022-10-15 20:00:00', 3),
(46, '2022-10-15 21:00:00', 8, '2022-10-15 21:00:00', '2022-10-15 21:00:00', 1),
(47, '2022-10-15 22:00:00', 26, '2022-10-15 22:00:00', '2022-10-15 22:00:00', 3),
(48, '2022-10-15 23:00:00', 20, '2022-10-15 23:00:00', '2022-10-15 23:00:00', 3),
(49, '2022-10-16 00:00:00', 20, '2022-10-16 00:00:00', '2022-10-16 00:00:00', 2),
(50, '2022-10-16 01:00:00', 11, '2022-10-16 01:00:00', '2022-10-16 01:00:00', 2),
(51, '2022-10-16 02:00:00', 23, '2022-10-16 02:00:00', '2022-10-16 02:00:00', 1),
(52, '2022-10-16 03:00:00', 6, '2022-10-16 03:00:00', '2022-10-16 03:00:00', 3),
(53, '2022-10-16 04:00:00', 29, '2022-10-16 04:00:00', '2022-10-16 04:00:00', 1),
(54, '2022-10-16 05:00:00', 21, '2022-10-16 05:00:00', '2022-10-16 05:00:00', 3),
(55, '2022-10-16 06:00:00', 2, '2022-10-16 06:00:00', '2022-10-16 06:00:00', 2),
(56, '2022-10-16 07:00:00', 30, '2022-10-16 07:00:00', '2022-10-16 07:00:00', 3),
(57, '2022-10-16 08:00:00', 12, '2022-10-16 08:00:00', '2022-10-16 08:00:00', 3),
(58, '2022-10-16 09:00:00', 2, '2022-10-16 09:00:00', '2022-10-16 09:00:00', 3),
(59, '2022-10-16 10:00:00', 14, '2022-10-16 10:00:00', '2022-10-16 10:00:00', 3),
(60, '2022-10-16 11:00:00', 18, '2022-10-16 11:00:00', '2022-10-16 11:00:00', 3),
(61, '2022-10-16 12:00:00', 19, '2022-10-16 12:00:00', '2022-10-16 12:00:00', 1),
(62, '2022-10-16 13:00:00', 3, '2022-10-16 13:00:00', '2022-10-16 13:00:00', 1),
(63, '2022-10-16 14:00:00', 15, '2022-10-16 14:00:00', '2022-10-16 14:00:00', 1),
(64, '2022-10-16 15:00:00', 29, '2022-10-16 15:00:00', '2022-10-16 15:00:00', 2),
(65, '2022-10-16 16:00:00', 7, '2022-10-16 16:00:00', '2022-10-16 16:00:00', 1),
(66, '2022-10-16 17:00:00', 16, '2022-10-16 17:00:00', '2022-10-16 17:00:00', 3),
(67, '2022-10-16 18:00:00', 16, '2022-10-16 18:00:00', '2022-10-16 18:00:00', 1),
(68, '2022-10-16 19:00:00', 22, '2022-10-16 19:00:00', '2022-10-16 19:00:00', 1),
(69, '2022-10-16 20:00:00', 14, '2022-10-16 20:00:00', '2022-10-16 20:00:00', 2),
(70, '2022-10-16 21:00:00', 23, '2022-10-16 21:00:00', '2022-10-16 21:00:00', 3),
(71, '2022-10-16 22:00:00', 4, '2022-10-16 22:00:00', '2022-10-16 22:00:00', 1),
(72, '2022-10-16 23:00:00', 11, '2022-10-16 23:00:00', '2022-10-16 23:00:00', 3),
(73, '2022-10-17 00:00:00', 2, '2022-10-17 00:00:00', '2022-10-17 00:00:00', 2),
(74, '2022-10-17 01:00:00', 4, '2022-10-17 01:00:00', '2022-10-17 01:00:00', 2),
(75, '2022-10-17 02:00:00', 12, '2022-10-17 02:00:00', '2022-10-17 02:00:00', 2),
(76, '2022-10-17 03:00:00', 30, '2022-10-17 03:00:00', '2022-10-17 03:00:00', 2),
(77, '2022-10-17 04:00:00', 28, '2022-10-17 04:00:00', '2022-10-17 04:00:00', 3),
(78, '2022-10-17 05:00:00', 23, '2022-10-17 05:00:00', '2022-10-17 05:00:00', 3),
(79, '2022-10-17 06:00:00', 2, '2022-10-17 06:00:00', '2022-10-17 06:00:00', 3),
(80, '2022-10-17 07:00:00', 29, '2022-10-17 07:00:00', '2022-10-17 07:00:00', 3),
(81, '2022-10-17 08:00:00', 11, '2022-10-17 08:00:00', '2022-10-17 08:00:00', 3),
(82, '2022-10-17 09:00:00', 5, '2022-10-17 09:00:00', '2022-10-17 09:00:00', 1),
(83, '2022-10-17 10:00:00', 18, '2022-10-17 10:00:00', '2022-10-17 10:00:00', 3),
(84, '2022-10-17 11:00:00', 13, '2022-10-17 11:00:00', '2022-10-17 11:00:00', 1),
(85, '2022-10-17 12:00:00', 16, '2022-10-17 12:00:00', '2022-10-17 12:00:00', 1),
(86, '2022-10-17 13:00:00', 2, '2022-10-17 13:00:00', '2022-10-17 13:00:00', 2),
(87, '2022-10-17 14:00:00', 2, '2022-10-17 14:00:00', '2022-10-17 14:00:00', 2),
(88, '2022-10-17 15:00:00', 13, '2022-10-17 15:00:00', '2022-10-17 15:00:00', 1),
(89, '2022-10-17 16:00:00', 24, '2022-10-17 16:00:00', '2022-10-17 16:00:00', 2),
(90, '2022-10-17 17:00:00', 4, '2022-10-17 17:00:00', '2022-10-17 17:00:00', 3),
(91, '2022-10-17 18:00:00', 6, '2022-10-17 18:00:00', '2022-10-17 18:00:00', 1),
(92, '2022-10-17 19:00:00', 3, '2022-10-17 19:00:00', '2022-10-17 19:00:00', 3),
(93, '2022-10-17 20:00:00', 13, '2022-10-17 20:00:00', '2022-10-17 20:00:00', 3),
(94, '2022-10-17 21:00:00', 8, '2022-10-17 21:00:00', '2022-10-17 21:00:00', 3),
(95, '2022-10-17 22:00:00', 9, '2022-10-17 22:00:00', '2022-10-17 22:00:00', 2),
(96, '2022-10-17 23:00:00', 22, '2022-10-17 23:00:00', '2022-10-17 23:00:00', 1),
(97, '2022-10-18 00:00:00', 29, '2022-10-18 00:00:00', '2022-10-18 00:00:00', 2),
(98, '2022-10-18 01:00:00', 8, '2022-10-18 01:00:00', '2022-10-18 01:00:00', 2),
(99, '2022-10-18 02:00:00', 4, '2022-10-18 02:00:00', '2022-10-18 02:00:00', 1),
(100, '2022-10-18 03:00:00', 1, '2022-10-18 03:00:00', '2022-10-18 03:00:00', 3),
(101, '2022-10-18 04:00:00', 7, '2022-10-18 04:00:00', '2022-10-18 04:00:00', 1),
(102, '2022-10-18 05:00:00', 15, '2022-10-18 05:00:00', '2022-10-18 05:00:00', 3),
(103, '2022-10-18 06:00:00', 11, '2022-10-18 06:00:00', '2022-10-18 06:00:00', 3),
(104, '2022-10-18 07:00:00', 26, '2022-10-18 07:00:00', '2022-10-18 07:00:00', 3),
(105, '2022-10-18 08:00:00', 27, '2022-10-18 08:00:00', '2022-10-18 08:00:00', 1),
(106, '2022-10-18 09:00:00', 1, '2022-10-18 09:00:00', '2022-10-18 09:00:00', 2),
(107, '2022-10-18 10:00:00', 22, '2022-10-18 10:00:00', '2022-10-18 10:00:00', 2),
(108, '2022-10-18 11:00:00', 23, '2022-10-18 11:00:00', '2022-10-18 11:00:00', 2),
(109, '2022-10-18 12:00:00', 9, '2022-10-18 12:00:00', '2022-10-18 12:00:00', 2),
(110, '2022-10-18 13:00:00', 4, '2022-10-18 13:00:00', '2022-10-18 13:00:00', 3),
(111, '2022-10-18 14:00:00', 16, '2022-10-18 14:00:00', '2022-10-18 14:00:00', 3),
(112, '2022-10-18 15:00:00', 22, '2022-10-18 15:00:00', '2022-10-18 15:00:00', 3),
(113, '2022-10-18 16:00:00', 15, '2022-10-18 16:00:00', '2022-10-18 16:00:00', 2),
(114, '2022-10-18 17:00:00', 16, '2022-10-18 17:00:00', '2022-10-18 17:00:00', 2),
(115, '2022-10-18 18:00:00', 16, '2022-10-18 18:00:00', '2022-10-18 18:00:00', 2),
(116, '2022-10-18 19:00:00', 4, '2022-10-18 19:00:00', '2022-10-18 19:00:00', 3),
(117, '2022-10-18 20:00:00', 11, '2022-10-18 20:00:00', '2022-10-18 20:00:00', 2),
(118, '2022-10-18 21:00:00', 25, '2022-10-18 21:00:00', '2022-10-18 21:00:00', 2),
(119, '2022-10-18 22:00:00', 16, '2022-10-18 22:00:00', '2022-10-18 22:00:00', 1),
(120, '2022-10-18 23:00:00', 11, '2022-10-18 23:00:00', '2022-10-18 23:00:00', 2),
(121, '2022-10-19 00:00:00', 15, '2022-10-19 00:00:00', '2022-10-19 00:00:00', 1),
(122, '2022-10-19 01:00:00', 22, '2022-10-19 01:00:00', '2022-10-19 01:00:00', 2),
(123, '2022-10-19 02:00:00', 4, '2022-10-19 02:00:00', '2022-10-19 02:00:00', 3),
(124, '2022-10-19 03:00:00', 1, '2022-10-19 03:00:00', '2022-10-19 03:00:00', 2),
(125, '2022-10-19 04:00:00', 6, '2022-10-19 04:00:00', '2022-10-19 04:00:00', 2),
(126, '2022-10-19 05:00:00', 20, '2022-10-19 05:00:00', '2022-10-19 05:00:00', 1),
(127, '2022-10-19 06:00:00', 7, '2022-10-19 06:00:00', '2022-10-19 06:00:00', 1),
(128, '2022-10-19 07:00:00', 19, '2022-10-19 07:00:00', '2022-10-19 07:00:00', 1),
(129, '2022-10-19 08:00:00', 11, '2022-10-19 08:00:00', '2022-10-19 08:00:00', 3),
(130, '2022-10-19 09:00:00', 24, '2022-10-19 09:00:00', '2022-10-19 09:00:00', 2),
(131, '2022-10-19 10:00:00', 17, '2022-10-19 10:00:00', '2022-10-19 10:00:00', 2),
(132, '2022-10-19 11:00:00', 1, '2022-10-19 11:00:00', '2022-10-19 11:00:00', 1),
(133, '2022-10-19 12:00:00', 6, '2022-10-19 12:00:00', '2022-10-19 12:00:00', 3),
(134, '2022-10-19 13:00:00', 27, '2022-10-19 13:00:00', '2022-10-19 13:00:00', 1),
(135, '2022-10-19 14:00:00', 27, '2022-10-19 14:00:00', '2022-10-19 14:00:00', 2),
(136, '2022-10-19 15:00:00', 28, '2022-10-19 15:00:00', '2022-10-19 15:00:00', 2),
(137, '2022-10-19 16:00:00', 21, '2022-10-19 16:00:00', '2022-10-19 16:00:00', 3),
(138, '2022-10-19 17:00:00', 11, '2022-10-19 17:00:00', '2022-10-19 17:00:00', 1),
(139, '2022-10-19 18:00:00', 8, '2022-10-19 18:00:00', '2022-10-19 18:00:00', 3),
(140, '2022-10-19 19:00:00', 28, '2022-10-19 19:00:00', '2022-10-19 19:00:00', 3),
(141, '2022-10-19 20:00:00', 17, '2022-10-19 20:00:00', '2022-10-19 20:00:00', 1),
(142, '2022-10-19 21:00:00', 2, '2022-10-19 21:00:00', '2022-10-19 21:00:00', 1),
(143, '2022-10-19 22:00:00', 12, '2022-10-19 22:00:00', '2022-10-19 22:00:00', 2),
(144, '2022-10-19 23:00:00', 12, '2022-10-19 23:00:00', '2022-10-19 23:00:00', 3),
(145, '2022-10-20 00:00:00', 10, '2022-10-20 00:00:00', '2022-10-20 00:00:00', 2),
(146, '2022-10-20 01:00:00', 7, '2022-10-20 01:00:00', '2022-10-20 01:00:00', 3),
(147, '2022-10-20 02:00:00', 6, '2022-10-20 02:00:00', '2022-10-20 02:00:00', 1),
(148, '2022-10-20 03:00:00', 10, '2022-10-20 03:00:00', '2022-10-20 03:00:00', 1),
(149, '2022-10-20 04:00:00', 13, '2022-10-20 04:00:00', '2022-10-20 04:00:00', 2),
(150, '2022-10-20 05:00:00', 20, '2022-10-20 05:00:00', '2022-10-20 05:00:00', 3),
(151, '2022-10-20 06:00:00', 27, '2022-10-20 06:00:00', '2022-10-20 06:00:00', 3),
(152, '2022-10-20 07:00:00', 21, '2022-10-20 07:00:00', '2022-10-20 07:00:00', 3),
(153, '2022-10-20 08:00:00', 9, '2022-10-20 08:00:00', '2022-10-20 08:00:00', 1),
(154, '2022-10-20 09:00:00', 26, '2022-10-20 09:00:00', '2022-10-20 09:00:00', 3),
(155, '2022-10-20 10:00:00', 8, '2022-10-20 10:00:00', '2022-10-20 10:00:00', 2),
(156, '2022-10-20 11:00:00', 1, '2022-10-20 11:00:00', '2022-10-20 11:00:00', 2),
(157, '2022-10-20 12:00:00', 26, '2022-10-20 12:00:00', '2022-10-20 12:00:00', 3),
(158, '2022-10-20 13:00:00', 22, '2022-10-20 13:00:00', '2022-10-20 13:00:00', 1),
(159, '2022-10-20 14:00:00', 4, '2022-10-20 14:00:00', '2022-10-20 14:00:00', 2),
(160, '2022-10-20 15:00:00', 16, '2022-10-20 15:00:00', '2022-10-20 15:00:00', 1),
(161, '2022-10-20 16:00:00', 16, '2022-10-20 16:00:00', '2022-10-20 16:00:00', 1),
(162, '2022-10-20 17:00:00', 20, '2022-10-20 17:00:00', '2022-10-20 17:00:00', 1),
(163, '2022-10-20 18:00:00', 30, '2022-10-20 18:00:00', '2022-10-20 18:00:00', 3),
(164, '2022-10-20 19:00:00', 21, '2022-10-20 19:00:00', '2022-10-20 19:00:00', 1),
(165, '2022-10-20 20:00:00', 24, '2022-10-20 20:00:00', '2022-10-20 20:00:00', 3),
(166, '2022-10-20 21:00:00', 30, '2022-10-20 21:00:00', '2022-10-20 21:00:00', 1),
(167, '2022-10-20 22:00:00', 25, '2022-10-20 22:00:00', '2022-10-20 22:00:00', 1),
(168, '2022-10-20 23:00:00', 5, '2022-10-20 23:00:00', '2022-10-20 23:00:00', 3),
(169, '2022-10-21 00:00:00', 6, '2022-10-21 00:00:00', '2022-10-21 00:00:00', 2),
(170, '2022-10-21 01:00:00', 4, '2022-10-21 01:00:00', '2022-10-21 01:00:00', 1),
(171, '2022-10-21 02:00:00', 18, '2022-10-21 02:00:00', '2022-10-21 02:00:00', 1),
(172, '2022-10-21 03:00:00', 16, '2022-10-21 03:00:00', '2022-10-21 03:00:00', 2),
(173, '2022-10-21 04:00:00', 6, '2022-10-21 04:00:00', '2022-10-21 04:00:00', 3),
(174, '2022-10-21 05:00:00', 12, '2022-10-21 05:00:00', '2022-10-21 05:00:00', 1),
(175, '2022-10-21 06:00:00', 28, '2022-10-21 06:00:00', '2022-10-21 06:00:00', 1),
(176, '2022-10-21 07:00:00', 26, '2022-10-21 07:00:00', '2022-10-21 07:00:00', 2),
(177, '2022-10-21 08:00:00', 12, '2022-10-21 08:00:00', '2022-10-21 08:00:00', 1),
(178, '2022-10-21 09:00:00', 30, '2022-10-21 09:00:00', '2022-10-21 09:00:00', 1),
(179, '2022-10-21 10:00:00', 5, '2022-10-21 10:00:00', '2022-10-21 10:00:00', 1),
(180, '2022-10-21 11:00:00', 8, '2022-10-21 11:00:00', '2022-10-21 11:00:00', 3),
(181, '2022-10-21 12:00:00', 1, '2022-10-21 12:00:00', '2022-10-21 12:00:00', 2),
(182, '2022-10-21 13:00:00', 29, '2022-10-21 13:00:00', '2022-10-21 13:00:00', 1),
(183, '2022-10-21 14:00:00', 9, '2022-10-21 14:00:00', '2022-10-21 14:00:00', 3),
(184, '2022-10-21 15:00:00', 2, '2022-10-21 15:00:00', '2022-10-21 15:00:00', 1),
(185, '2022-10-21 16:00:00', 8, '2022-10-21 16:00:00', '2022-10-21 16:00:00', 2),
(186, '2022-10-21 17:00:00', 3, '2022-10-21 17:00:00', '2022-10-21 17:00:00', 1),
(187, '2022-10-21 18:00:00', 15, '2022-10-21 18:00:00', '2022-10-21 18:00:00', 1),
(188, '2022-10-21 19:00:00', 1, '2022-10-21 19:00:00', '2022-10-21 19:00:00', 2),
(189, '2022-10-21 20:00:00', 30, '2022-10-21 20:00:00', '2022-10-21 20:00:00', 3),
(190, '2022-10-21 21:00:00', 30, '2022-10-21 21:00:00', '2022-10-21 21:00:00', 2),
(191, '2022-10-21 22:00:00', 7, '2022-10-21 22:00:00', '2022-10-21 22:00:00', 3),
(192, '2022-10-21 23:00:00', 7, '2022-10-21 23:00:00', '2022-10-21 23:00:00', 3),
(193, '2022-10-22 00:00:00', 10, '2022-10-22 00:00:00', '2022-10-22 00:00:00', 1),
(194, '2022-10-22 01:00:00', 27, '2022-10-22 01:00:00', '2022-10-22 01:00:00', 3),
(195, '2022-10-22 02:00:00', 5, '2022-10-22 02:00:00', '2022-10-22 02:00:00', 1),
(196, '2022-10-22 03:00:00', 2, '2022-10-22 03:00:00', '2022-10-22 03:00:00', 1),
(197, '2022-10-22 04:00:00', 1, '2022-10-22 04:00:00', '2022-10-22 04:00:00', 3),
(198, '2022-10-22 05:00:00', 3, '2022-10-22 05:00:00', '2022-10-22 05:00:00', 3),
(199, '2022-10-22 06:00:00', 11, '2022-10-22 06:00:00', '2022-10-22 06:00:00', 1),
(200, '2022-10-22 07:00:00', 16, '2022-10-22 07:00:00', '2022-10-22 07:00:00', 2),
(201, '2022-10-22 08:00:00', 18, '2022-10-22 08:00:00', '2022-10-22 08:00:00', 2),
(202, '2022-10-22 09:00:00', 14, '2022-10-22 09:00:00', '2022-10-22 09:00:00', 1),
(203, '2022-10-22 10:00:00', 21, '2022-10-22 10:00:00', '2022-10-22 10:00:00', 2),
(204, '2022-10-22 11:00:00', 30, '2022-10-22 11:00:00', '2022-10-22 11:00:00', 1),
(205, '2022-10-22 12:00:00', 24, '2022-10-22 12:00:00', '2022-10-22 12:00:00', 2),
(206, '2022-10-22 13:00:00', 2, '2022-10-22 13:00:00', '2022-10-22 13:00:00', 1),
(207, '2022-10-22 14:00:00', 24, '2022-10-22 14:00:00', '2022-10-22 14:00:00', 1),
(208, '2022-10-22 15:00:00', 24, '2022-10-22 15:00:00', '2022-10-22 15:00:00', 1),
(209, '2022-10-22 16:00:00', 9, '2022-10-22 16:00:00', '2022-10-22 16:00:00', 2),
(210, '2022-10-22 17:00:00', 8, '2022-10-22 17:00:00', '2022-10-22 17:00:00', 1),
(211, '2022-10-22 18:00:00', 25, '2022-10-22 18:00:00', '2022-10-22 18:00:00', 2),
(212, '2022-10-22 19:00:00', 11, '2022-10-22 19:00:00', '2022-10-22 19:00:00', 2),
(213, '2022-10-22 20:00:00', 25, '2022-10-22 20:00:00', '2022-10-22 20:00:00', 3),
(214, '2022-10-22 21:00:00', 1, '2022-10-22 21:00:00', '2022-10-22 21:00:00', 2),
(215, '2022-10-22 22:00:00', 23, '2022-10-22 22:00:00', '2022-10-22 22:00:00', 2),
(216, '2022-10-22 23:00:00', 6, '2022-10-22 23:00:00', '2022-10-22 23:00:00', 1),
(217, '2022-10-23 00:00:00', 20, '2022-10-23 00:00:00', '2022-10-23 00:00:00', 2),
(218, '2022-10-23 01:00:00', 23, '2022-10-23 01:00:00', '2022-10-23 01:00:00', 3),
(219, '2022-10-23 02:00:00', 14, '2022-10-23 02:00:00', '2022-10-23 02:00:00', 1),
(220, '2022-10-23 03:00:00', 20, '2022-10-23 03:00:00', '2022-10-23 03:00:00', 2),
(221, '2022-10-23 04:00:00', 14, '2022-10-23 04:00:00', '2022-10-23 04:00:00', 1),
(222, '2022-10-23 05:00:00', 12, '2022-10-23 05:00:00', '2022-10-23 05:00:00', 2),
(223, '2022-10-23 06:00:00', 5, '2022-10-23 06:00:00', '2022-10-23 06:00:00', 3),
(224, '2022-10-23 07:00:00', 11, '2022-10-23 07:00:00', '2022-10-23 07:00:00', 2),
(225, '2022-10-23 08:00:00', 29, '2022-10-23 08:00:00', '2022-10-23 08:00:00', 1),
(226, '2022-10-23 09:00:00', 29, '2022-10-23 09:00:00', '2022-10-23 09:00:00', 1),
(227, '2022-10-23 10:00:00', 17, '2022-10-23 10:00:00', '2022-10-23 10:00:00', 3),
(228, '2022-10-23 11:00:00', 23, '2022-10-23 11:00:00', '2022-10-23 11:00:00', 3),
(229, '2022-10-23 12:00:00', 24, '2022-10-23 12:00:00', '2022-10-23 12:00:00', 1),
(230, '2022-10-23 13:00:00', 9, '2022-10-23 13:00:00', '2022-10-23 13:00:00', 1),
(231, '2022-10-23 14:00:00', 11, '2022-10-23 14:00:00', '2022-10-23 14:00:00', 2),
(232, '2022-10-23 15:00:00', 12, '2022-10-23 15:00:00', '2022-10-23 15:00:00', 3),
(233, '2022-10-23 16:00:00', 22, '2022-10-23 16:00:00', '2022-10-23 16:00:00', 2),
(234, '2022-10-23 17:00:00', 15, '2022-10-23 17:00:00', '2022-10-23 17:00:00', 1),
(235, '2022-10-23 18:00:00', 5, '2022-10-23 18:00:00', '2022-10-23 18:00:00', 3),
(236, '2022-10-23 19:00:00', 28, '2022-10-23 19:00:00', '2022-10-23 19:00:00', 1),
(237, '2022-10-23 20:00:00', 8, '2022-10-23 20:00:00', '2022-10-23 20:00:00', 3),
(238, '2022-10-23 21:00:00', 8, '2022-10-23 21:00:00', '2022-10-23 21:00:00', 3),
(239, '2022-10-23 22:00:00', 28, '2022-10-23 22:00:00', '2022-10-23 22:00:00', 3),
(240, '2022-10-23 23:00:00', 3, '2022-10-23 23:00:00', '2022-10-23 23:00:00', 3),
(241, '2022-10-24 00:00:00', 2, '2022-10-24 00:00:00', '2022-10-24 00:00:00', 1),
(242, '2022-10-24 01:00:00', 17, '2022-10-24 01:00:00', '2022-10-24 01:00:00', 2),
(243, '2022-10-24 02:00:00', 12, '2022-10-24 02:00:00', '2022-10-24 02:00:00', 3),
(244, '2022-10-24 03:00:00', 14, '2022-10-24 03:00:00', '2022-10-24 03:00:00', 2),
(245, '2022-10-24 04:00:00', 2, '2022-10-24 04:00:00', '2022-10-24 04:00:00', 2),
(246, '2022-10-24 05:00:00', 11, '2022-10-24 05:00:00', '2022-10-24 05:00:00', 3),
(247, '2022-10-24 06:00:00', 25, '2022-10-24 06:00:00', '2022-10-24 06:00:00', 3),
(248, '2022-10-24 07:00:00', 4, '2022-10-24 07:00:00', '2022-10-24 07:00:00', 3),
(249, '2022-10-24 08:00:00', 30, '2022-10-24 08:00:00', '2022-10-24 08:00:00', 1),
(250, '2022-10-24 09:00:00', 24, '2022-10-24 09:00:00', '2022-10-24 09:00:00', 3),
(251, '2022-10-24 10:00:00', 5, '2022-10-24 10:00:00', '2022-10-24 10:00:00', 2),
(252, '2022-10-24 11:00:00', 18, '2022-10-24 11:00:00', '2022-10-24 11:00:00', 1),
(253, '2022-10-24 12:00:00', 12, '2022-10-24 12:00:00', '2022-10-24 12:00:00', 1),
(254, '2022-10-24 13:00:00', 4, '2022-10-24 13:00:00', '2022-10-24 13:00:00', 1),
(255, '2022-10-24 14:00:00', 7, '2022-10-24 14:00:00', '2022-10-24 14:00:00', 1),
(256, '2022-10-24 15:00:00', 17, '2022-10-24 15:00:00', '2022-10-24 15:00:00', 2),
(257, '2022-10-24 16:00:00', 28, '2022-10-24 16:00:00', '2022-10-24 16:00:00', 2),
(258, '2022-10-24 17:00:00', 12, '2022-10-24 17:00:00', '2022-10-24 17:00:00', 2),
(259, '2022-10-24 18:00:00', 14, '2022-10-24 18:00:00', '2022-10-24 18:00:00', 1),
(260, '2022-10-24 19:00:00', 28, '2022-10-24 19:00:00', '2022-10-24 19:00:00', 1),
(261, '2022-10-24 20:00:00', 24, '2022-10-24 20:00:00', '2022-10-24 20:00:00', 2),
(262, '2022-10-24 21:00:00', 23, '2022-10-24 21:00:00', '2022-10-24 21:00:00', 2),
(263, '2022-10-24 22:00:00', 21, '2022-10-24 22:00:00', '2022-10-24 22:00:00', 2),
(264, '2022-10-24 23:00:00', 10, '2022-10-24 23:00:00', '2022-10-24 23:00:00', 3),
(265, '2022-10-25 00:00:00', 3, '2022-10-25 00:00:00', '2022-10-25 00:00:00', 3),
(266, '2022-10-25 01:00:00', 16, '2022-10-25 01:00:00', '2022-10-25 01:00:00', 2),
(267, '2022-10-25 02:00:00', 27, '2022-10-25 02:00:00', '2022-10-25 02:00:00', 1),
(268, '2022-10-25 03:00:00', 11, '2022-10-25 03:00:00', '2022-10-25 03:00:00', 2),
(269, '2022-10-25 04:00:00', 15, '2022-10-25 04:00:00', '2022-10-25 04:00:00', 3),
(270, '2022-10-25 05:00:00', 21, '2022-10-25 05:00:00', '2022-10-25 05:00:00', 2),
(271, '2022-10-25 06:00:00', 5, '2022-10-25 06:00:00', '2022-10-25 06:00:00', 2),
(272, '2022-10-25 07:00:00', 25, '2022-10-25 07:00:00', '2022-10-25 07:00:00', 3),
(273, '2022-10-25 08:00:00', 20, '2022-10-25 08:00:00', '2022-10-25 08:00:00', 1),
(274, '2022-10-25 09:00:00', 3, '2022-10-25 09:00:00', '2022-10-25 09:00:00', 2),
(275, '2022-10-25 10:00:00', 10, '2022-10-25 10:00:00', '2022-10-25 10:00:00', 2),
(276, '2022-10-25 11:00:00', 5, '2022-10-25 11:00:00', '2022-10-25 11:00:00', 2),
(277, '2022-10-25 12:00:00', 20, '2022-10-25 12:00:00', '2022-10-25 12:00:00', 3),
(278, '2022-10-25 13:00:00', 16, '2022-10-25 13:00:00', '2022-10-25 13:00:00', 3),
(279, '2022-10-25 14:00:00', 8, '2022-10-25 14:00:00', '2022-10-25 14:00:00', 1),
(280, '2022-10-25 15:00:00', 1, '2022-10-25 15:00:00', '2022-10-25 15:00:00', 3),
(281, '2022-10-25 16:00:00', 10, '2022-10-25 16:00:00', '2022-10-25 16:00:00', 2),
(282, '2022-10-25 17:00:00', 12, '2022-10-25 17:00:00', '2022-10-25 17:00:00', 1),
(283, '2022-10-25 18:00:00', 14, '2022-10-25 18:00:00', '2022-10-25 18:00:00', 1),
(284, '2022-10-25 19:00:00', 15, '2022-10-25 19:00:00', '2022-10-25 19:00:00', 2),
(285, '2022-10-25 20:00:00', 13, '2022-10-25 20:00:00', '2022-10-25 20:00:00', 3),
(286, '2022-10-25 21:00:00', 18, '2022-10-25 21:00:00', '2022-10-25 21:00:00', 3),
(287, '2022-10-25 22:00:00', 1, '2022-10-25 22:00:00', '2022-10-25 22:00:00', 3),
(288, '2022-10-25 23:00:00', 30, '2022-10-25 23:00:00', '2022-10-25 23:00:00', 3),
(289, '2022-10-26 00:00:00', 3, '2022-10-26 00:00:00', '2022-10-26 00:00:00', 2),
(290, '2022-10-26 01:00:00', 3, '2022-10-26 01:00:00', '2022-10-26 01:00:00', 2),
(291, '2022-10-26 02:00:00', 20, '2022-10-26 02:00:00', '2022-10-26 02:00:00', 3),
(292, '2022-10-26 03:00:00', 6, '2022-10-26 03:00:00', '2022-10-26 03:00:00', 1),
(293, '2022-10-26 04:00:00', 19, '2022-10-26 04:00:00', '2022-10-26 04:00:00', 3),
(294, '2022-10-26 05:00:00', 26, '2022-10-26 05:00:00', '2022-10-26 05:00:00', 3),
(295, '2022-10-26 06:00:00', 13, '2022-10-26 06:00:00', '2022-10-26 06:00:00', 1),
(296, '2022-10-26 07:00:00', 17, '2022-10-26 07:00:00', '2022-10-26 07:00:00', 1),
(297, '2022-10-26 08:00:00', 14, '2022-10-26 08:00:00', '2022-10-26 08:00:00', 2),
(298, '2022-10-26 09:00:00', 20, '2022-10-26 09:00:00', '2022-10-26 09:00:00', 3),
(299, '2022-10-26 10:00:00', 19, '2022-10-26 10:00:00', '2022-10-26 10:00:00', 2),
(300, '2022-10-26 11:00:00', 3, '2022-10-26 11:00:00', '2022-10-26 11:00:00', 1);

INSERT INTO `DeviceUsers` (`id`, `deviceData`, `createdAt`, `updatedAt`, `UserId`, `DeviceId`) VALUES
(1, '\"{\\\"on\\\":false,\\\"totalSpots\\\":5,\\\"takenSpots\\\":2,\\\"availableSpots\\\":3}\"', '2022-10-16 11:02:18', '2022-10-17 08:50:36', 1, 1),
(2, '\"{\\\"on\\\":true,\\\"temperature\\\":25,\\\"humidity\\\":52}\"', '2022-10-16 11:05:09', '2022-10-17 08:26:35', 1, 2),
(3, '\"{\\\"on\\\":false}\"', '2022-10-16 11:05:29', '2022-10-17 08:50:39', 1, 3),
(4, '\"{\\\"on\\\":false,\\\"totalSpots\\\":4,\\\"takenSpots\\\":3,\\\"availableSpots\\\":1}\"', '2022-10-16 11:07:23', '2022-10-16 12:34:00', 2, 1),
(5, '\"{\\\"on\\\":true,\\\"temperature\\\":20,\\\"humidity\\\":41}\"', '2022-10-16 11:07:44', '2022-10-16 17:02:53', 2, 2),
(6, '\"{\\\"on\\\":true}\"', '2022-10-16 12:33:12', '2022-10-16 17:03:18', 2, 3);

INSERT INTO `Users` (`id`, `name`, `slug`, `createdAt`, `updatedAt`) VALUES
(1, 'Lucy Connor', 'lucy-connor', '2022-10-16 11:01:17', '2022-10-16 11:01:17'),
(2, 'Johny Harris', 'johny-harris', '2022-10-16 11:06:43', '2022-10-16 11:06:43');



/*!40101 SET SQL_MODE=@OLD_SQL_MODE */;
/*!40014 SET FOREIGN_KEY_CHECKS=@OLD_FOREIGN_KEY_CHECKS */;
/*!40014 SET UNIQUE_CHECKS=@OLD_UNIQUE_CHECKS */;
/*!40101 SET CHARACTER_SET_CLIENT=@OLD_CHARACTER_SET_CLIENT */;
/*!40101 SET CHARACTER_SET_RESULTS=@OLD_CHARACTER_SET_RESULTS */;
/*!40101 SET COLLATION_CONNECTION=@OLD_COLLATION_CONNECTION */;
/*!40111 SET SQL_NOTES=@OLD_SQL_NOTES */;