-- -------------------------------------------------------------
-- TablePlus 5.0.2(458)
--
-- https://tableplus.com/
--
-- Database: viatick
-- Generation Time: 2022-10-24 11:25:54.7740 PM
-- -------------------------------------------------------------


/*!40101 SET @OLD_CHARACTER_SET_CLIENT=@@CHARACTER_SET_CLIENT */;
/*!40101 SET @OLD_CHARACTER_SET_RESULTS=@@CHARACTER_SET_RESULTS */;
/*!40101 SET @OLD_COLLATION_CONNECTION=@@COLLATION_CONNECTION */;
/*!40101 SET NAMES utf8mb4 */;
/*!40014 SET @OLD_UNIQUE_CHECKS=@@UNIQUE_CHECKS, UNIQUE_CHECKS=0 */;
/*!40014 SET @OLD_FOREIGN_KEY_CHECKS=@@FOREIGN_KEY_CHECKS, FOREIGN_KEY_CHECKS=0 */;
/*!40101 SET @OLD_SQL_MODE=@@SQL_MODE, SQL_MODE='NO_AUTO_VALUE_ON_ZERO' */;
/*!40111 SET @OLD_SQL_NOTES=@@SQL_NOTES, SQL_NOTES=0 */;


DROP TABLE IF EXISTS `Devices`;
CREATE TABLE `Devices` (
  `id` int(10) unsigned NOT NULL AUTO_INCREMENT,
  `name` varchar(255) NOT NULL,
  `slug` varchar(255) NOT NULL,
  `icon` varchar(255) NOT NULL,
  `fields` text DEFAULT NULL,
  `createdAt` datetime NOT NULL,
  `updatedAt` datetime NOT NULL,
  PRIMARY KEY (`id`),
  UNIQUE KEY `slug` (`slug`)
) ENGINE=InnoDB AUTO_INCREMENT=4 DEFAULT CHARSET=utf8mb4;

DROP TABLE IF EXISTS `DeviceUserHistories`;
CREATE TABLE `DeviceUserHistories` (
  `id` int(10) unsigned NOT NULL AUTO_INCREMENT,
  `takenAt` datetime DEFAULT NULL,
  `usage` int(11) DEFAULT NULL,
  `createdAt` datetime NOT NULL,
  `updatedAt` datetime NOT NULL,
  `DeviceUserId` int(10) unsigned DEFAULT NULL,
  PRIMARY KEY (`id`),
  KEY `DeviceUserId` (`DeviceUserId`),
  CONSTRAINT `deviceuserhistories_ibfk_1` FOREIGN KEY (`DeviceUserId`) REFERENCES `DeviceUsers` (`id`) ON DELETE SET NULL ON UPDATE CASCADE
) ENGINE=InnoDB AUTO_INCREMENT=601 DEFAULT CHARSET=utf8mb4;

DROP TABLE IF EXISTS `DeviceUsers`;
CREATE TABLE `DeviceUsers` (
  `id` int(10) unsigned NOT NULL AUTO_INCREMENT,
  `deviceData` text DEFAULT NULL,
  `createdAt` datetime NOT NULL,
  `updatedAt` datetime NOT NULL,
  `UserId` int(10) unsigned DEFAULT NULL,
  `DeviceId` int(10) unsigned DEFAULT NULL,
  PRIMARY KEY (`id`),
  UNIQUE KEY `DeviceUsers_UserId_DeviceId_unique` (`UserId`,`DeviceId`),
  UNIQUE KEY `device_users_device_id_user_id` (`DeviceId`,`UserId`),
  CONSTRAINT `deviceusers_ibfk_1` FOREIGN KEY (`UserId`) REFERENCES `Users` (`id`) ON DELETE CASCADE ON UPDATE CASCADE,
  CONSTRAINT `deviceusers_ibfk_2` FOREIGN KEY (`DeviceId`) REFERENCES `Devices` (`id`) ON DELETE CASCADE ON UPDATE CASCADE
) ENGINE=InnoDB AUTO_INCREMENT=7 DEFAULT CHARSET=utf8mb4;

DROP TABLE IF EXISTS `Users`;
CREATE TABLE `Users` (
  `id` int(10) unsigned NOT NULL AUTO_INCREMENT,
  `name` varchar(255) NOT NULL,
  `slug` varchar(255) NOT NULL,
  `createdAt` datetime NOT NULL,
  `updatedAt` datetime NOT NULL,
  PRIMARY KEY (`id`),
  UNIQUE KEY `slug` (`slug`)
) ENGINE=InnoDB AUTO_INCREMENT=3 DEFAULT CHARSET=utf8mb4;

INSERT INTO `Devices` (`id`, `name`, `slug`, `icon`, `fields`, `createdAt`, `updatedAt`) VALUES
(1, 'Smart Car Park', 'smart-car-park', 'parking.png', 'totalSpost,takenSpots,availableSpots', '2022-10-16 11:01:21', '2022-10-16 11:01:21'),
(2, 'Air conditioner', 'air-conditioner', 'aircon.png', 'temperature,humidity', '2022-10-16 11:03:33', '2022-10-16 11:03:33'),
(3, 'Intercom', 'intercom', 'intercom.png', '', '2022-10-16 11:03:58', '2022-10-16 11:03:58');

INSERT INTO `DeviceUserHistories` (`id`, `takenAt`, `usage`, `createdAt`, `updatedAt`, `DeviceUserId`) VALUES
(1, '2022-10-14 00:00:00', 9, '2022-10-14 00:00:00', '2022-10-14 00:00:00', 1),
(2, '2022-10-14 01:00:00', 26, '2022-10-14 01:00:00', '2022-10-14 01:00:00', 3),
(3, '2022-10-14 02:00:00', 2, '2022-10-14 02:00:00', '2022-10-14 02:00:00', 1),
(4, '2022-10-14 03:00:00', 16, '2022-10-14 03:00:00', '2022-10-14 03:00:00', 3),
(5, '2022-10-14 04:00:00', 2, '2022-10-14 04:00:00', '2022-10-14 04:00:00', 3),
(6, '2022-10-14 05:00:00', 28, '2022-10-14 05:00:00', '2022-10-14 05:00:00', 1),
(7, '2022-10-14 06:00:00', 15, '2022-10-14 06:00:00', '2022-10-14 06:00:00', 1),
(8, '2022-10-14 07:00:00', 18, '2022-10-14 07:00:00', '2022-10-14 07:00:00', 1),
(9, '2022-10-14 08:00:00', 19, '2022-10-14 08:00:00', '2022-10-14 08:00:00', 2),
(10, '2022-10-14 09:00:00', 6, '2022-10-14 09:00:00', '2022-10-14 09:00:00', 2),
(11, '2022-10-14 10:00:00', 27, '2022-10-14 10:00:00', '2022-10-14 10:00:00', 1),
(12, '2022-10-14 11:00:00', 3, '2022-10-14 11:00:00', '2022-10-14 11:00:00', 1),
(13, '2022-10-14 12:00:00', 25, '2022-10-14 12:00:00', '2022-10-14 12:00:00', 2),
(14, '2022-10-14 13:00:00', 18, '2022-10-14 13:00:00', '2022-10-14 13:00:00', 2),
(15, '2022-10-14 14:00:00', 3, '2022-10-14 14:00:00', '2022-10-14 14:00:00', 3),
(16, '2022-10-14 15:00:00', 3, '2022-10-14 15:00:00', '2022-10-14 15:00:00', 1),
(17, '2022-10-14 16:00:00', 22, '2022-10-14 16:00:00', '2022-10-14 16:00:00', 3),
(18, '2022-10-14 17:00:00', 5, '2022-10-14 17:00:00', '2022-10-14 17:00:00', 2),
(19, '2022-10-14 18:00:00', 1, '2022-10-14 18:00:00', '2022-10-14 18:00:00', 3),
(20, '2022-10-14 19:00:00', 1, '2022-10-14 19:00:00', '2022-10-14 19:00:00', 3),
(21, '2022-10-14 20:00:00', 22, '2022-10-14 20:00:00', '2022-10-14 20:00:00', 3),
(22, '2022-10-14 21:00:00', 3, '2022-10-14 21:00:00', '2022-10-14 21:00:00', 2),
(23, '2022-10-14 22:00:00', 5, '2022-10-14 22:00:00', '2022-10-14 22:00:00', 1),
(24, '2022-10-14 23:00:00', 19, '2022-10-14 23:00:00', '2022-10-14 23:00:00', 2),
(25, '2022-10-15 00:00:00', 17, '2022-10-15 00:00:00', '2022-10-15 00:00:00', 3),
(26, '2022-10-15 01:00:00', 8, '2022-10-15 01:00:00', '2022-10-15 01:00:00', 3),
(27, '2022-10-15 02:00:00', 14, '2022-10-15 02:00:00', '2022-10-15 02:00:00', 2),
(28, '2022-10-15 03:00:00', 5, '2022-10-15 03:00:00', '2022-10-15 03:00:00', 1),
(29, '2022-10-15 04:00:00', 17, '2022-10-15 04:00:00', '2022-10-15 04:00:00', 3),
(30, '2022-10-15 05:00:00', 11, '2022-10-15 05:00:00', '2022-10-15 05:00:00', 2),
(31, '2022-10-15 06:00:00', 19, '2022-10-15 06:00:00', '2022-10-15 06:00:00', 3),
(32, '2022-10-15 07:00:00', 29, '2022-10-15 07:00:00', '2022-10-15 07:00:00', 1),
(33, '2022-10-15 08:00:00', 11, '2022-10-15 08:00:00', '2022-10-15 08:00:00', 3),
(34, '2022-10-15 09:00:00', 17, '2022-10-15 09:00:00', '2022-10-15 09:00:00', 2),
(35, '2022-10-15 10:00:00', 30, '2022-10-15 10:00:00', '2022-10-15 10:00:00', 3),
(36, '2022-10-15 11:00:00', 2, '2022-10-15 11:00:00', '2022-10-15 11:00:00', 3),
(37, '2022-10-15 12:00:00', 24, '2022-10-15 12:00:00', '2022-10-15 12:00:00', 3),
(38, '2022-10-15 13:00:00', 2, '2022-10-15 13:00:00', '2022-10-15 13:00:00', 3),
(39, '2022-10-15 14:00:00', 21, '2022-10-15 14:00:00', '2022-10-15 14:00:00', 2),
(40, '2022-10-15 15:00:00', 6, '2022-10-15 15:00:00', '2022-10-15 15:00:00', 2),
(41, '2022-10-15 16:00:00', 13, '2022-10-15 16:00:00', '2022-10-15 16:00:00', 2),
(42, '2022-10-15 17:00:00', 8, '2022-10-15 17:00:00', '2022-10-15 17:00:00', 3),
(43, '2022-10-15 18:00:00', 26, '2022-10-15 18:00:00', '2022-10-15 18:00:00', 2),
(44, '2022-10-15 19:00:00', 25, '2022-10-15 19:00:00', '2022-10-15 19:00:00', 2),
(45, '2022-10-15 20:00:00', 18, '2022-10-15 20:00:00', '2022-10-15 20:00:00', 2),
(46, '2022-10-15 21:00:00', 20, '2022-10-15 21:00:00', '2022-10-15 21:00:00', 2),
(47, '2022-10-15 22:00:00', 30, '2022-10-15 22:00:00', '2022-10-15 22:00:00', 1),
(48, '2022-10-15 23:00:00', 25, '2022-10-15 23:00:00', '2022-10-15 23:00:00', 3),
(49, '2022-10-16 00:00:00', 13, '2022-10-16 00:00:00', '2022-10-16 00:00:00', 2),
(50, '2022-10-16 01:00:00', 16, '2022-10-16 01:00:00', '2022-10-16 01:00:00', 2),
(51, '2022-10-16 02:00:00', 20, '2022-10-16 02:00:00', '2022-10-16 02:00:00', 1),
(52, '2022-10-16 03:00:00', 5, '2022-10-16 03:00:00', '2022-10-16 03:00:00', 3),
(53, '2022-10-16 04:00:00', 3, '2022-10-16 04:00:00', '2022-10-16 04:00:00', 3),
(54, '2022-10-16 05:00:00', 1, '2022-10-16 05:00:00', '2022-10-16 05:00:00', 2),
(55, '2022-10-16 06:00:00', 12, '2022-10-16 06:00:00', '2022-10-16 06:00:00', 1),
(56, '2022-10-16 07:00:00', 30, '2022-10-16 07:00:00', '2022-10-16 07:00:00', 2),
(57, '2022-10-16 08:00:00', 14, '2022-10-16 08:00:00', '2022-10-16 08:00:00', 2),
(58, '2022-10-16 09:00:00', 21, '2022-10-16 09:00:00', '2022-10-16 09:00:00', 3),
(59, '2022-10-16 10:00:00', 30, '2022-10-16 10:00:00', '2022-10-16 10:00:00', 2),
(60, '2022-10-16 11:00:00', 5, '2022-10-16 11:00:00', '2022-10-16 11:00:00', 2),
(61, '2022-10-16 12:00:00', 5, '2022-10-16 12:00:00', '2022-10-16 12:00:00', 2),
(62, '2022-10-16 13:00:00', 5, '2022-10-16 13:00:00', '2022-10-16 13:00:00', 1),
(63, '2022-10-16 14:00:00', 25, '2022-10-16 14:00:00', '2022-10-16 14:00:00', 2),
(64, '2022-10-16 15:00:00', 29, '2022-10-16 15:00:00', '2022-10-16 15:00:00', 2),
(65, '2022-10-16 16:00:00', 23, '2022-10-16 16:00:00', '2022-10-16 16:00:00', 2),
(66, '2022-10-16 17:00:00', 23, '2022-10-16 17:00:00', '2022-10-16 17:00:00', 2),
(67, '2022-10-16 18:00:00', 14, '2022-10-16 18:00:00', '2022-10-16 18:00:00', 2),
(68, '2022-10-16 19:00:00', 20, '2022-10-16 19:00:00', '2022-10-16 19:00:00', 1),
(69, '2022-10-16 20:00:00', 6, '2022-10-16 20:00:00', '2022-10-16 20:00:00', 3),
(70, '2022-10-16 21:00:00', 30, '2022-10-16 21:00:00', '2022-10-16 21:00:00', 3),
(71, '2022-10-16 22:00:00', 3, '2022-10-16 22:00:00', '2022-10-16 22:00:00', 1),
(72, '2022-10-16 23:00:00', 13, '2022-10-16 23:00:00', '2022-10-16 23:00:00', 2),
(73, '2022-10-17 00:00:00', 3, '2022-10-17 00:00:00', '2022-10-17 00:00:00', 1),
(74, '2022-10-17 01:00:00', 24, '2022-10-17 01:00:00', '2022-10-17 01:00:00', 3),
(75, '2022-10-17 02:00:00', 19, '2022-10-17 02:00:00', '2022-10-17 02:00:00', 1),
(76, '2022-10-17 03:00:00', 24, '2022-10-17 03:00:00', '2022-10-17 03:00:00', 3),
(77, '2022-10-17 04:00:00', 26, '2022-10-17 04:00:00', '2022-10-17 04:00:00', 3),
(78, '2022-10-17 05:00:00', 18, '2022-10-17 05:00:00', '2022-10-17 05:00:00', 2),
(79, '2022-10-17 06:00:00', 6, '2022-10-17 06:00:00', '2022-10-17 06:00:00', 3),
(80, '2022-10-17 07:00:00', 13, '2022-10-17 07:00:00', '2022-10-17 07:00:00', 3),
(81, '2022-10-17 08:00:00', 5, '2022-10-17 08:00:00', '2022-10-17 08:00:00', 3),
(82, '2022-10-17 09:00:00', 9, '2022-10-17 09:00:00', '2022-10-17 09:00:00', 2),
(83, '2022-10-17 10:00:00', 13, '2022-10-17 10:00:00', '2022-10-17 10:00:00', 2),
(84, '2022-10-17 11:00:00', 25, '2022-10-17 11:00:00', '2022-10-17 11:00:00', 2),
(85, '2022-10-17 12:00:00', 30, '2022-10-17 12:00:00', '2022-10-17 12:00:00', 3),
(86, '2022-10-17 13:00:00', 8, '2022-10-17 13:00:00', '2022-10-17 13:00:00', 3),
(87, '2022-10-17 14:00:00', 29, '2022-10-17 14:00:00', '2022-10-17 14:00:00', 2),
(88, '2022-10-17 15:00:00', 25, '2022-10-17 15:00:00', '2022-10-17 15:00:00', 1),
(89, '2022-10-17 16:00:00', 15, '2022-10-17 16:00:00', '2022-10-17 16:00:00', 1),
(90, '2022-10-17 17:00:00', 3, '2022-10-17 17:00:00', '2022-10-17 17:00:00', 1),
(91, '2022-10-17 18:00:00', 1, '2022-10-17 18:00:00', '2022-10-17 18:00:00', 1),
(92, '2022-10-17 19:00:00', 9, '2022-10-17 19:00:00', '2022-10-17 19:00:00', 1),
(93, '2022-10-17 20:00:00', 22, '2022-10-17 20:00:00', '2022-10-17 20:00:00', 1),
(94, '2022-10-17 21:00:00', 24, '2022-10-17 21:00:00', '2022-10-17 21:00:00', 3),
(95, '2022-10-17 22:00:00', 2, '2022-10-17 22:00:00', '2022-10-17 22:00:00', 2),
(96, '2022-10-17 23:00:00', 20, '2022-10-17 23:00:00', '2022-10-17 23:00:00', 2),
(97, '2022-10-18 00:00:00', 27, '2022-10-18 00:00:00', '2022-10-18 00:00:00', 3),
(98, '2022-10-18 01:00:00', 30, '2022-10-18 01:00:00', '2022-10-18 01:00:00', 1),
(99, '2022-10-18 02:00:00', 3, '2022-10-18 02:00:00', '2022-10-18 02:00:00', 1),
(100, '2022-10-18 03:00:00', 27, '2022-10-18 03:00:00', '2022-10-18 03:00:00', 3),
(101, '2022-10-18 04:00:00', 14, '2022-10-18 04:00:00', '2022-10-18 04:00:00', 3),
(102, '2022-10-18 05:00:00', 24, '2022-10-18 05:00:00', '2022-10-18 05:00:00', 2),
(103, '2022-10-18 06:00:00', 6, '2022-10-18 06:00:00', '2022-10-18 06:00:00', 3),
(104, '2022-10-18 07:00:00', 2, '2022-10-18 07:00:00', '2022-10-18 07:00:00', 1),
(105, '2022-10-18 08:00:00', 24, '2022-10-18 08:00:00', '2022-10-18 08:00:00', 3),
(106, '2022-10-18 09:00:00', 11, '2022-10-18 09:00:00', '2022-10-18 09:00:00', 2),
(107, '2022-10-18 10:00:00', 3, '2022-10-18 10:00:00', '2022-10-18 10:00:00', 3),
(108, '2022-10-18 11:00:00', 22, '2022-10-18 11:00:00', '2022-10-18 11:00:00', 2),
(109, '2022-10-18 12:00:00', 2, '2022-10-18 12:00:00', '2022-10-18 12:00:00', 2),
(110, '2022-10-18 13:00:00', 26, '2022-10-18 13:00:00', '2022-10-18 13:00:00', 1),
(111, '2022-10-18 14:00:00', 27, '2022-10-18 14:00:00', '2022-10-18 14:00:00', 3),
(112, '2022-10-18 15:00:00', 2, '2022-10-18 15:00:00', '2022-10-18 15:00:00', 3),
(113, '2022-10-18 16:00:00', 30, '2022-10-18 16:00:00', '2022-10-18 16:00:00', 1),
(114, '2022-10-18 17:00:00', 19, '2022-10-18 17:00:00', '2022-10-18 17:00:00', 2),
(115, '2022-10-18 18:00:00', 21, '2022-10-18 18:00:00', '2022-10-18 18:00:00', 3),
(116, '2022-10-18 19:00:00', 22, '2022-10-18 19:00:00', '2022-10-18 19:00:00', 1),
(117, '2022-10-18 20:00:00', 16, '2022-10-18 20:00:00', '2022-10-18 20:00:00', 3),
(118, '2022-10-18 21:00:00', 27, '2022-10-18 21:00:00', '2022-10-18 21:00:00', 1),
(119, '2022-10-18 22:00:00', 9, '2022-10-18 22:00:00', '2022-10-18 22:00:00', 3),
(120, '2022-10-18 23:00:00', 21, '2022-10-18 23:00:00', '2022-10-18 23:00:00', 2),
(121, '2022-10-19 00:00:00', 29, '2022-10-19 00:00:00', '2022-10-19 00:00:00', 2),
(122, '2022-10-19 01:00:00', 17, '2022-10-19 01:00:00', '2022-10-19 01:00:00', 1),
(123, '2022-10-19 02:00:00', 29, '2022-10-19 02:00:00', '2022-10-19 02:00:00', 3),
(124, '2022-10-19 03:00:00', 26, '2022-10-19 03:00:00', '2022-10-19 03:00:00', 2),
(125, '2022-10-19 04:00:00', 29, '2022-10-19 04:00:00', '2022-10-19 04:00:00', 3),
(126, '2022-10-19 05:00:00', 30, '2022-10-19 05:00:00', '2022-10-19 05:00:00', 2),
(127, '2022-10-19 06:00:00', 10, '2022-10-19 06:00:00', '2022-10-19 06:00:00', 1),
(128, '2022-10-19 07:00:00', 22, '2022-10-19 07:00:00', '2022-10-19 07:00:00', 1),
(129, '2022-10-19 08:00:00', 20, '2022-10-19 08:00:00', '2022-10-19 08:00:00', 2),
(130, '2022-10-19 09:00:00', 4, '2022-10-19 09:00:00', '2022-10-19 09:00:00', 1),
(131, '2022-10-19 10:00:00', 17, '2022-10-19 10:00:00', '2022-10-19 10:00:00', 1),
(132, '2022-10-19 11:00:00', 14, '2022-10-19 11:00:00', '2022-10-19 11:00:00', 1),
(133, '2022-10-19 12:00:00', 20, '2022-10-19 12:00:00', '2022-10-19 12:00:00', 3),
(134, '2022-10-19 13:00:00', 20, '2022-10-19 13:00:00', '2022-10-19 13:00:00', 1),
(135, '2022-10-19 14:00:00', 13, '2022-10-19 14:00:00', '2022-10-19 14:00:00', 1),
(136, '2022-10-19 15:00:00', 3, '2022-10-19 15:00:00', '2022-10-19 15:00:00', 2),
(137, '2022-10-19 16:00:00', 5, '2022-10-19 16:00:00', '2022-10-19 16:00:00', 2),
(138, '2022-10-19 17:00:00', 30, '2022-10-19 17:00:00', '2022-10-19 17:00:00', 1),
(139, '2022-10-19 18:00:00', 4, '2022-10-19 18:00:00', '2022-10-19 18:00:00', 3),
(140, '2022-10-19 19:00:00', 25, '2022-10-19 19:00:00', '2022-10-19 19:00:00', 2),
(141, '2022-10-19 20:00:00', 21, '2022-10-19 20:00:00', '2022-10-19 20:00:00', 1),
(142, '2022-10-19 21:00:00', 6, '2022-10-19 21:00:00', '2022-10-19 21:00:00', 1),
(143, '2022-10-19 22:00:00', 27, '2022-10-19 22:00:00', '2022-10-19 22:00:00', 1),
(144, '2022-10-19 23:00:00', 10, '2022-10-19 23:00:00', '2022-10-19 23:00:00', 2),
(145, '2022-10-20 00:00:00', 1, '2022-10-20 00:00:00', '2022-10-20 00:00:00', 3),
(146, '2022-10-20 01:00:00', 18, '2022-10-20 01:00:00', '2022-10-20 01:00:00', 2),
(147, '2022-10-20 02:00:00', 22, '2022-10-20 02:00:00', '2022-10-20 02:00:00', 2),
(148, '2022-10-20 03:00:00', 13, '2022-10-20 03:00:00', '2022-10-20 03:00:00', 1),
(149, '2022-10-20 04:00:00', 27, '2022-10-20 04:00:00', '2022-10-20 04:00:00', 1),
(150, '2022-10-20 05:00:00', 21, '2022-10-20 05:00:00', '2022-10-20 05:00:00', 1),
(151, '2022-10-20 06:00:00', 15, '2022-10-20 06:00:00', '2022-10-20 06:00:00', 2),
(152, '2022-10-20 07:00:00', 12, '2022-10-20 07:00:00', '2022-10-20 07:00:00', 2),
(153, '2022-10-20 08:00:00', 3, '2022-10-20 08:00:00', '2022-10-20 08:00:00', 3),
(154, '2022-10-20 09:00:00', 17, '2022-10-20 09:00:00', '2022-10-20 09:00:00', 3),
(155, '2022-10-20 10:00:00', 26, '2022-10-20 10:00:00', '2022-10-20 10:00:00', 3),
(156, '2022-10-20 11:00:00', 8, '2022-10-20 11:00:00', '2022-10-20 11:00:00', 2),
(157, '2022-10-20 12:00:00', 24, '2022-10-20 12:00:00', '2022-10-20 12:00:00', 1),
(158, '2022-10-20 13:00:00', 21, '2022-10-20 13:00:00', '2022-10-20 13:00:00', 2),
(159, '2022-10-20 14:00:00', 27, '2022-10-20 14:00:00', '2022-10-20 14:00:00', 1),
(160, '2022-10-20 15:00:00', 3, '2022-10-20 15:00:00', '2022-10-20 15:00:00', 3),
(161, '2022-10-20 16:00:00', 18, '2022-10-20 16:00:00', '2022-10-20 16:00:00', 2),
(162, '2022-10-20 17:00:00', 10, '2022-10-20 17:00:00', '2022-10-20 17:00:00', 3),
(163, '2022-10-20 18:00:00', 21, '2022-10-20 18:00:00', '2022-10-20 18:00:00', 2),
(164, '2022-10-20 19:00:00', 12, '2022-10-20 19:00:00', '2022-10-20 19:00:00', 3),
(165, '2022-10-20 20:00:00', 12, '2022-10-20 20:00:00', '2022-10-20 20:00:00', 1),
(166, '2022-10-20 21:00:00', 23, '2022-10-20 21:00:00', '2022-10-20 21:00:00', 3),
(167, '2022-10-20 22:00:00', 4, '2022-10-20 22:00:00', '2022-10-20 22:00:00', 1),
(168, '2022-10-20 23:00:00', 13, '2022-10-20 23:00:00', '2022-10-20 23:00:00', 1),
(169, '2022-10-21 00:00:00', 17, '2022-10-21 00:00:00', '2022-10-21 00:00:00', 3),
(170, '2022-10-21 01:00:00', 17, '2022-10-21 01:00:00', '2022-10-21 01:00:00', 3),
(171, '2022-10-21 02:00:00', 8, '2022-10-21 02:00:00', '2022-10-21 02:00:00', 1),
(172, '2022-10-21 03:00:00', 26, '2022-10-21 03:00:00', '2022-10-21 03:00:00', 3),
(173, '2022-10-21 04:00:00', 30, '2022-10-21 04:00:00', '2022-10-21 04:00:00', 3),
(174, '2022-10-21 05:00:00', 9, '2022-10-21 05:00:00', '2022-10-21 05:00:00', 3),
(175, '2022-10-21 06:00:00', 9, '2022-10-21 06:00:00', '2022-10-21 06:00:00', 2),
(176, '2022-10-21 07:00:00', 25, '2022-10-21 07:00:00', '2022-10-21 07:00:00', 2),
(177, '2022-10-21 08:00:00', 23, '2022-10-21 08:00:00', '2022-10-21 08:00:00', 1),
(178, '2022-10-21 09:00:00', 23, '2022-10-21 09:00:00', '2022-10-21 09:00:00', 1),
(179, '2022-10-21 10:00:00', 17, '2022-10-21 10:00:00', '2022-10-21 10:00:00', 2),
(180, '2022-10-21 11:00:00', 3, '2022-10-21 11:00:00', '2022-10-21 11:00:00', 3),
(181, '2022-10-21 12:00:00', 16, '2022-10-21 12:00:00', '2022-10-21 12:00:00', 1),
(182, '2022-10-21 13:00:00', 17, '2022-10-21 13:00:00', '2022-10-21 13:00:00', 1),
(183, '2022-10-21 14:00:00', 12, '2022-10-21 14:00:00', '2022-10-21 14:00:00', 2),
(184, '2022-10-21 15:00:00', 6, '2022-10-21 15:00:00', '2022-10-21 15:00:00', 2),
(185, '2022-10-21 16:00:00', 30, '2022-10-21 16:00:00', '2022-10-21 16:00:00', 3),
(186, '2022-10-21 17:00:00', 3, '2022-10-21 17:00:00', '2022-10-21 17:00:00', 2),
(187, '2022-10-21 18:00:00', 17, '2022-10-21 18:00:00', '2022-10-21 18:00:00', 1),
(188, '2022-10-21 19:00:00', 21, '2022-10-21 19:00:00', '2022-10-21 19:00:00', 1),
(189, '2022-10-21 20:00:00', 27, '2022-10-21 20:00:00', '2022-10-21 20:00:00', 2),
(190, '2022-10-21 21:00:00', 11, '2022-10-21 21:00:00', '2022-10-21 21:00:00', 1),
(191, '2022-10-21 22:00:00', 18, '2022-10-21 22:00:00', '2022-10-21 22:00:00', 3),
(192, '2022-10-21 23:00:00', 5, '2022-10-21 23:00:00', '2022-10-21 23:00:00', 1),
(193, '2022-10-22 00:00:00', 30, '2022-10-22 00:00:00', '2022-10-22 00:00:00', 3),
(194, '2022-10-22 01:00:00', 8, '2022-10-22 01:00:00', '2022-10-22 01:00:00', 3),
(195, '2022-10-22 02:00:00', 1, '2022-10-22 02:00:00', '2022-10-22 02:00:00', 1),
(196, '2022-10-22 03:00:00', 20, '2022-10-22 03:00:00', '2022-10-22 03:00:00', 3),
(197, '2022-10-22 04:00:00', 18, '2022-10-22 04:00:00', '2022-10-22 04:00:00', 2),
(198, '2022-10-22 05:00:00', 12, '2022-10-22 05:00:00', '2022-10-22 05:00:00', 2),
(199, '2022-10-22 06:00:00', 12, '2022-10-22 06:00:00', '2022-10-22 06:00:00', 2),
(200, '2022-10-22 07:00:00', 23, '2022-10-22 07:00:00', '2022-10-22 07:00:00', 2),
(201, '2022-10-22 08:00:00', 17, '2022-10-22 08:00:00', '2022-10-22 08:00:00', 3),
(202, '2022-10-22 09:00:00', 3, '2022-10-22 09:00:00', '2022-10-22 09:00:00', 3),
(203, '2022-10-22 10:00:00', 7, '2022-10-22 10:00:00', '2022-10-22 10:00:00', 3),
(204, '2022-10-22 11:00:00', 16, '2022-10-22 11:00:00', '2022-10-22 11:00:00', 1),
(205, '2022-10-22 12:00:00', 10, '2022-10-22 12:00:00', '2022-10-22 12:00:00', 2),
(206, '2022-10-22 13:00:00', 23, '2022-10-22 13:00:00', '2022-10-22 13:00:00', 3),
(207, '2022-10-22 14:00:00', 6, '2022-10-22 14:00:00', '2022-10-22 14:00:00', 1),
(208, '2022-10-22 15:00:00', 24, '2022-10-22 15:00:00', '2022-10-22 15:00:00', 3),
(209, '2022-10-22 16:00:00', 4, '2022-10-22 16:00:00', '2022-10-22 16:00:00', 3),
(210, '2022-10-22 17:00:00', 28, '2022-10-22 17:00:00', '2022-10-22 17:00:00', 3),
(211, '2022-10-22 18:00:00', 30, '2022-10-22 18:00:00', '2022-10-22 18:00:00', 1),
(212, '2022-10-22 19:00:00', 24, '2022-10-22 19:00:00', '2022-10-22 19:00:00', 3),
(213, '2022-10-22 20:00:00', 21, '2022-10-22 20:00:00', '2022-10-22 20:00:00', 1),
(214, '2022-10-22 21:00:00', 6, '2022-10-22 21:00:00', '2022-10-22 21:00:00', 3),
(215, '2022-10-22 22:00:00', 23, '2022-10-22 22:00:00', '2022-10-22 22:00:00', 1),
(216, '2022-10-22 23:00:00', 9, '2022-10-22 23:00:00', '2022-10-22 23:00:00', 3),
(217, '2022-10-23 00:00:00', 23, '2022-10-23 00:00:00', '2022-10-23 00:00:00', 2),
(218, '2022-10-23 01:00:00', 10, '2022-10-23 01:00:00', '2022-10-23 01:00:00', 2),
(219, '2022-10-23 02:00:00', 1, '2022-10-23 02:00:00', '2022-10-23 02:00:00', 1),
(220, '2022-10-23 03:00:00', 5, '2022-10-23 03:00:00', '2022-10-23 03:00:00', 1),
(221, '2022-10-23 04:00:00', 19, '2022-10-23 04:00:00', '2022-10-23 04:00:00', 2),
(222, '2022-10-23 05:00:00', 14, '2022-10-23 05:00:00', '2022-10-23 05:00:00', 3),
(223, '2022-10-23 06:00:00', 6, '2022-10-23 06:00:00', '2022-10-23 06:00:00', 1),
(224, '2022-10-23 07:00:00', 30, '2022-10-23 07:00:00', '2022-10-23 07:00:00', 3),
(225, '2022-10-23 08:00:00', 10, '2022-10-23 08:00:00', '2022-10-23 08:00:00', 2),
(226, '2022-10-23 09:00:00', 12, '2022-10-23 09:00:00', '2022-10-23 09:00:00', 1),
(227, '2022-10-23 10:00:00', 7, '2022-10-23 10:00:00', '2022-10-23 10:00:00', 1),
(228, '2022-10-23 11:00:00', 22, '2022-10-23 11:00:00', '2022-10-23 11:00:00', 2),
(229, '2022-10-23 12:00:00', 21, '2022-10-23 12:00:00', '2022-10-23 12:00:00', 2),
(230, '2022-10-23 13:00:00', 7, '2022-10-23 13:00:00', '2022-10-23 13:00:00', 1),
(231, '2022-10-23 14:00:00', 25, '2022-10-23 14:00:00', '2022-10-23 14:00:00', 3),
(232, '2022-10-23 15:00:00', 23, '2022-10-23 15:00:00', '2022-10-23 15:00:00', 2),
(233, '2022-10-23 16:00:00', 26, '2022-10-23 16:00:00', '2022-10-23 16:00:00', 1),
(234, '2022-10-23 17:00:00', 22, '2022-10-23 17:00:00', '2022-10-23 17:00:00', 2),
(235, '2022-10-23 18:00:00', 3, '2022-10-23 18:00:00', '2022-10-23 18:00:00', 3),
(236, '2022-10-23 19:00:00', 26, '2022-10-23 19:00:00', '2022-10-23 19:00:00', 2),
(237, '2022-10-23 20:00:00', 15, '2022-10-23 20:00:00', '2022-10-23 20:00:00', 3),
(238, '2022-10-23 21:00:00', 3, '2022-10-23 21:00:00', '2022-10-23 21:00:00', 3),
(239, '2022-10-23 22:00:00', 1, '2022-10-23 22:00:00', '2022-10-23 22:00:00', 1),
(240, '2022-10-23 23:00:00', 2, '2022-10-23 23:00:00', '2022-10-23 23:00:00', 3),
(241, '2022-10-24 00:00:00', 11, '2022-10-24 00:00:00', '2022-10-24 00:00:00', 1),
(242, '2022-10-24 01:00:00', 6, '2022-10-24 01:00:00', '2022-10-24 01:00:00', 1),
(243, '2022-10-24 02:00:00', 30, '2022-10-24 02:00:00', '2022-10-24 02:00:00', 2),
(244, '2022-10-24 03:00:00', 22, '2022-10-24 03:00:00', '2022-10-24 03:00:00', 1),
(245, '2022-10-24 04:00:00', 4, '2022-10-24 04:00:00', '2022-10-24 04:00:00', 3),
(246, '2022-10-24 05:00:00', 5, '2022-10-24 05:00:00', '2022-10-24 05:00:00', 2),
(247, '2022-10-24 06:00:00', 22, '2022-10-24 06:00:00', '2022-10-24 06:00:00', 3),
(248, '2022-10-24 07:00:00', 19, '2022-10-24 07:00:00', '2022-10-24 07:00:00', 3),
(249, '2022-10-24 08:00:00', 26, '2022-10-24 08:00:00', '2022-10-24 08:00:00', 3),
(250, '2022-10-24 09:00:00', 18, '2022-10-24 09:00:00', '2022-10-24 09:00:00', 2),
(251, '2022-10-24 10:00:00', 28, '2022-10-24 10:00:00', '2022-10-24 10:00:00', 2),
(252, '2022-10-24 11:00:00', 16, '2022-10-24 11:00:00', '2022-10-24 11:00:00', 2),
(253, '2022-10-24 12:00:00', 28, '2022-10-24 12:00:00', '2022-10-24 12:00:00', 1),
(254, '2022-10-24 13:00:00', 6, '2022-10-24 13:00:00', '2022-10-24 13:00:00', 1),
(255, '2022-10-24 14:00:00', 11, '2022-10-24 14:00:00', '2022-10-24 14:00:00', 1),
(256, '2022-10-24 15:00:00', 1, '2022-10-24 15:00:00', '2022-10-24 15:00:00', 2),
(257, '2022-10-24 16:00:00', 2, '2022-10-24 16:00:00', '2022-10-24 16:00:00', 1),
(258, '2022-10-24 17:00:00', 22, '2022-10-24 17:00:00', '2022-10-24 17:00:00', 1),
(259, '2022-10-24 18:00:00', 9, '2022-10-24 18:00:00', '2022-10-24 18:00:00', 3),
(260, '2022-10-24 19:00:00', 21, '2022-10-24 19:00:00', '2022-10-24 19:00:00', 2),
(261, '2022-10-24 20:00:00', 2, '2022-10-24 20:00:00', '2022-10-24 20:00:00', 3),
(262, '2022-10-24 21:00:00', 27, '2022-10-24 21:00:00', '2022-10-24 21:00:00', 3),
(263, '2022-10-24 22:00:00', 14, '2022-10-24 22:00:00', '2022-10-24 22:00:00', 3),
(264, '2022-10-24 23:00:00', 12, '2022-10-24 23:00:00', '2022-10-24 23:00:00', 2),
(265, '2022-10-25 00:00:00', 5, '2022-10-25 00:00:00', '2022-10-25 00:00:00', 1),
(266, '2022-10-25 01:00:00', 11, '2022-10-25 01:00:00', '2022-10-25 01:00:00', 3),
(267, '2022-10-25 02:00:00', 11, '2022-10-25 02:00:00', '2022-10-25 02:00:00', 3),
(268, '2022-10-25 03:00:00', 5, '2022-10-25 03:00:00', '2022-10-25 03:00:00', 2),
(269, '2022-10-25 04:00:00', 14, '2022-10-25 04:00:00', '2022-10-25 04:00:00', 3),
(270, '2022-10-25 05:00:00', 7, '2022-10-25 05:00:00', '2022-10-25 05:00:00', 2),
(271, '2022-10-25 06:00:00', 26, '2022-10-25 06:00:00', '2022-10-25 06:00:00', 2),
(272, '2022-10-25 07:00:00', 11, '2022-10-25 07:00:00', '2022-10-25 07:00:00', 1),
(273, '2022-10-25 08:00:00', 17, '2022-10-25 08:00:00', '2022-10-25 08:00:00', 1),
(274, '2022-10-25 09:00:00', 7, '2022-10-25 09:00:00', '2022-10-25 09:00:00', 1),
(275, '2022-10-25 10:00:00', 30, '2022-10-25 10:00:00', '2022-10-25 10:00:00', 2),
(276, '2022-10-25 11:00:00', 29, '2022-10-25 11:00:00', '2022-10-25 11:00:00', 3),
(277, '2022-10-25 12:00:00', 4, '2022-10-25 12:00:00', '2022-10-25 12:00:00', 2),
(278, '2022-10-25 13:00:00', 25, '2022-10-25 13:00:00', '2022-10-25 13:00:00', 3),
(279, '2022-10-25 14:00:00', 14, '2022-10-25 14:00:00', '2022-10-25 14:00:00', 1),
(280, '2022-10-25 15:00:00', 28, '2022-10-25 15:00:00', '2022-10-25 15:00:00', 1),
(281, '2022-10-25 16:00:00', 25, '2022-10-25 16:00:00', '2022-10-25 16:00:00', 3),
(282, '2022-10-25 17:00:00', 7, '2022-10-25 17:00:00', '2022-10-25 17:00:00', 2),
(283, '2022-10-25 18:00:00', 15, '2022-10-25 18:00:00', '2022-10-25 18:00:00', 2),
(284, '2022-10-25 19:00:00', 30, '2022-10-25 19:00:00', '2022-10-25 19:00:00', 3),
(285, '2022-10-25 20:00:00', 22, '2022-10-25 20:00:00', '2022-10-25 20:00:00', 3),
(286, '2022-10-25 21:00:00', 16, '2022-10-25 21:00:00', '2022-10-25 21:00:00', 3),
(287, '2022-10-25 22:00:00', 14, '2022-10-25 22:00:00', '2022-10-25 22:00:00', 1),
(288, '2022-10-25 23:00:00', 25, '2022-10-25 23:00:00', '2022-10-25 23:00:00', 3),
(289, '2022-10-26 00:00:00', 17, '2022-10-26 00:00:00', '2022-10-26 00:00:00', 3),
(290, '2022-10-26 01:00:00', 21, '2022-10-26 01:00:00', '2022-10-26 01:00:00', 3),
(291, '2022-10-26 02:00:00', 14, '2022-10-26 02:00:00', '2022-10-26 02:00:00', 2),
(292, '2022-10-26 03:00:00', 14, '2022-10-26 03:00:00', '2022-10-26 03:00:00', 1),
(293, '2022-10-26 04:00:00', 14, '2022-10-26 04:00:00', '2022-10-26 04:00:00', 3),
(294, '2022-10-26 05:00:00', 23, '2022-10-26 05:00:00', '2022-10-26 05:00:00', 3),
(295, '2022-10-26 06:00:00', 10, '2022-10-26 06:00:00', '2022-10-26 06:00:00', 2),
(296, '2022-10-26 07:00:00', 20, '2022-10-26 07:00:00', '2022-10-26 07:00:00', 3),
(297, '2022-10-26 08:00:00', 16, '2022-10-26 08:00:00', '2022-10-26 08:00:00', 2),
(298, '2022-10-26 09:00:00', 8, '2022-10-26 09:00:00', '2022-10-26 09:00:00', 1),
(299, '2022-10-26 10:00:00', 16, '2022-10-26 10:00:00', '2022-10-26 10:00:00', 2),
(300, '2022-10-26 11:00:00', 28, '2022-10-26 11:00:00', '2022-10-26 11:00:00', 3),
(301, '2022-10-26 12:00:00', 9, '2022-10-26 12:00:00', '2022-10-26 12:00:00', 3),
(302, '2022-10-26 13:00:00', 30, '2022-10-26 13:00:00', '2022-10-26 13:00:00', 1),
(303, '2022-10-26 14:00:00', 1, '2022-10-26 14:00:00', '2022-10-26 14:00:00', 3),
(304, '2022-10-26 15:00:00', 18, '2022-10-26 15:00:00', '2022-10-26 15:00:00', 3),
(305, '2022-10-26 16:00:00', 7, '2022-10-26 16:00:00', '2022-10-26 16:00:00', 1),
(306, '2022-10-26 17:00:00', 23, '2022-10-26 17:00:00', '2022-10-26 17:00:00', 1),
(307, '2022-10-26 18:00:00', 30, '2022-10-26 18:00:00', '2022-10-26 18:00:00', 1),
(308, '2022-10-26 19:00:00', 4, '2022-10-26 19:00:00', '2022-10-26 19:00:00', 1),
(309, '2022-10-26 20:00:00', 23, '2022-10-26 20:00:00', '2022-10-26 20:00:00', 3),
(310, '2022-10-26 21:00:00', 4, '2022-10-26 21:00:00', '2022-10-26 21:00:00', 2),
(311, '2022-10-26 22:00:00', 5, '2022-10-26 22:00:00', '2022-10-26 22:00:00', 1),
(312, '2022-10-26 23:00:00', 26, '2022-10-26 23:00:00', '2022-10-26 23:00:00', 2),
(313, '2022-10-27 00:00:00', 5, '2022-10-27 00:00:00', '2022-10-27 00:00:00', 1),
(314, '2022-10-27 01:00:00', 6, '2022-10-27 01:00:00', '2022-10-27 01:00:00', 2),
(315, '2022-10-27 02:00:00', 21, '2022-10-27 02:00:00', '2022-10-27 02:00:00', 2),
(316, '2022-10-27 03:00:00', 22, '2022-10-27 03:00:00', '2022-10-27 03:00:00', 3),
(317, '2022-10-27 04:00:00', 16, '2022-10-27 04:00:00', '2022-10-27 04:00:00', 3),
(318, '2022-10-27 05:00:00', 14, '2022-10-27 05:00:00', '2022-10-27 05:00:00', 3),
(319, '2022-10-27 06:00:00', 29, '2022-10-27 06:00:00', '2022-10-27 06:00:00', 1),
(320, '2022-10-27 07:00:00', 5, '2022-10-27 07:00:00', '2022-10-27 07:00:00', 1),
(321, '2022-10-27 08:00:00', 9, '2022-10-27 08:00:00', '2022-10-27 08:00:00', 3),
(322, '2022-10-27 09:00:00', 10, '2022-10-27 09:00:00', '2022-10-27 09:00:00', 3),
(323, '2022-10-27 10:00:00', 27, '2022-10-27 10:00:00', '2022-10-27 10:00:00', 2),
(324, '2022-10-27 11:00:00', 9, '2022-10-27 11:00:00', '2022-10-27 11:00:00', 1),
(325, '2022-10-27 12:00:00', 4, '2022-10-27 12:00:00', '2022-10-27 12:00:00', 2),
(326, '2022-10-27 13:00:00', 3, '2022-10-27 13:00:00', '2022-10-27 13:00:00', 2),
(327, '2022-10-27 14:00:00', 26, '2022-10-27 14:00:00', '2022-10-27 14:00:00', 2),
(328, '2022-10-27 15:00:00', 12, '2022-10-27 15:00:00', '2022-10-27 15:00:00', 1),
(329, '2022-10-27 16:00:00', 28, '2022-10-27 16:00:00', '2022-10-27 16:00:00', 3),
(330, '2022-10-27 17:00:00', 3, '2022-10-27 17:00:00', '2022-10-27 17:00:00', 3),
(331, '2022-10-27 18:00:00', 25, '2022-10-27 18:00:00', '2022-10-27 18:00:00', 1),
(332, '2022-10-27 19:00:00', 8, '2022-10-27 19:00:00', '2022-10-27 19:00:00', 1),
(333, '2022-10-27 20:00:00', 9, '2022-10-27 20:00:00', '2022-10-27 20:00:00', 1),
(334, '2022-10-27 21:00:00', 4, '2022-10-27 21:00:00', '2022-10-27 21:00:00', 2),
(335, '2022-10-27 22:00:00', 1, '2022-10-27 22:00:00', '2022-10-27 22:00:00', 3),
(336, '2022-10-27 23:00:00', 22, '2022-10-27 23:00:00', '2022-10-27 23:00:00', 3),
(337, '2022-10-28 00:00:00', 28, '2022-10-28 00:00:00', '2022-10-28 00:00:00', 3),
(338, '2022-10-28 01:00:00', 14, '2022-10-28 01:00:00', '2022-10-28 01:00:00', 1),
(339, '2022-10-28 02:00:00', 11, '2022-10-28 02:00:00', '2022-10-28 02:00:00', 2),
(340, '2022-10-28 03:00:00', 22, '2022-10-28 03:00:00', '2022-10-28 03:00:00', 1),
(341, '2022-10-28 04:00:00', 10, '2022-10-28 04:00:00', '2022-10-28 04:00:00', 2),
(342, '2022-10-28 05:00:00', 28, '2022-10-28 05:00:00', '2022-10-28 05:00:00', 3),
(343, '2022-10-28 06:00:00', 6, '2022-10-28 06:00:00', '2022-10-28 06:00:00', 1),
(344, '2022-10-28 07:00:00', 22, '2022-10-28 07:00:00', '2022-10-28 07:00:00', 3),
(345, '2022-10-28 08:00:00', 13, '2022-10-28 08:00:00', '2022-10-28 08:00:00', 2),
(346, '2022-10-28 09:00:00', 14, '2022-10-28 09:00:00', '2022-10-28 09:00:00', 3),
(347, '2022-10-28 10:00:00', 14, '2022-10-28 10:00:00', '2022-10-28 10:00:00', 2),
(348, '2022-10-28 11:00:00', 26, '2022-10-28 11:00:00', '2022-10-28 11:00:00', 1),
(349, '2022-10-28 12:00:00', 5, '2022-10-28 12:00:00', '2022-10-28 12:00:00', 3),
(350, '2022-10-28 13:00:00', 16, '2022-10-28 13:00:00', '2022-10-28 13:00:00', 3),
(351, '2022-10-28 14:00:00', 30, '2022-10-28 14:00:00', '2022-10-28 14:00:00', 2),
(352, '2022-10-28 15:00:00', 11, '2022-10-28 15:00:00', '2022-10-28 15:00:00', 3),
(353, '2022-10-28 16:00:00', 11, '2022-10-28 16:00:00', '2022-10-28 16:00:00', 3),
(354, '2022-10-28 17:00:00', 21, '2022-10-28 17:00:00', '2022-10-28 17:00:00', 1),
(355, '2022-10-28 18:00:00', 1, '2022-10-28 18:00:00', '2022-10-28 18:00:00', 3),
(356, '2022-10-28 19:00:00', 13, '2022-10-28 19:00:00', '2022-10-28 19:00:00', 2),
(357, '2022-10-28 20:00:00', 21, '2022-10-28 20:00:00', '2022-10-28 20:00:00', 1),
(358, '2022-10-28 21:00:00', 7, '2022-10-28 21:00:00', '2022-10-28 21:00:00', 2),
(359, '2022-10-28 22:00:00', 23, '2022-10-28 22:00:00', '2022-10-28 22:00:00', 2),
(360, '2022-10-28 23:00:00', 15, '2022-10-28 23:00:00', '2022-10-28 23:00:00', 1),
(361, '2022-10-29 00:00:00', 29, '2022-10-29 00:00:00', '2022-10-29 00:00:00', 2),
(362, '2022-10-29 01:00:00', 5, '2022-10-29 01:00:00', '2022-10-29 01:00:00', 1),
(363, '2022-10-29 02:00:00', 5, '2022-10-29 02:00:00', '2022-10-29 02:00:00', 2),
(364, '2022-10-29 03:00:00', 13, '2022-10-29 03:00:00', '2022-10-29 03:00:00', 3),
(365, '2022-10-29 04:00:00', 17, '2022-10-29 04:00:00', '2022-10-29 04:00:00', 3),
(366, '2022-10-29 05:00:00', 13, '2022-10-29 05:00:00', '2022-10-29 05:00:00', 3),
(367, '2022-10-29 06:00:00', 21, '2022-10-29 06:00:00', '2022-10-29 06:00:00', 1),
(368, '2022-10-29 07:00:00', 19, '2022-10-29 07:00:00', '2022-10-29 07:00:00', 1),
(369, '2022-10-29 08:00:00', 19, '2022-10-29 08:00:00', '2022-10-29 08:00:00', 1),
(370, '2022-10-29 09:00:00', 27, '2022-10-29 09:00:00', '2022-10-29 09:00:00', 2),
(371, '2022-10-29 10:00:00', 8, '2022-10-29 10:00:00', '2022-10-29 10:00:00', 3),
(372, '2022-10-29 11:00:00', 9, '2022-10-29 11:00:00', '2022-10-29 11:00:00', 2),
(373, '2022-10-29 12:00:00', 8, '2022-10-29 12:00:00', '2022-10-29 12:00:00', 1),
(374, '2022-10-29 13:00:00', 8, '2022-10-29 13:00:00', '2022-10-29 13:00:00', 2),
(375, '2022-10-29 14:00:00', 19, '2022-10-29 14:00:00', '2022-10-29 14:00:00', 3),
(376, '2022-10-29 15:00:00', 5, '2022-10-29 15:00:00', '2022-10-29 15:00:00', 2),
(377, '2022-10-29 16:00:00', 24, '2022-10-29 16:00:00', '2022-10-29 16:00:00', 3),
(378, '2022-10-29 17:00:00', 30, '2022-10-29 17:00:00', '2022-10-29 17:00:00', 1),
(379, '2022-10-29 18:00:00', 14, '2022-10-29 18:00:00', '2022-10-29 18:00:00', 1),
(380, '2022-10-29 19:00:00', 21, '2022-10-29 19:00:00', '2022-10-29 19:00:00', 3),
(381, '2022-10-29 20:00:00', 24, '2022-10-29 20:00:00', '2022-10-29 20:00:00', 2),
(382, '2022-10-29 21:00:00', 15, '2022-10-29 21:00:00', '2022-10-29 21:00:00', 1),
(383, '2022-10-29 22:00:00', 28, '2022-10-29 22:00:00', '2022-10-29 22:00:00', 1),
(384, '2022-10-29 23:00:00', 29, '2022-10-29 23:00:00', '2022-10-29 23:00:00', 2),
(385, '2022-10-30 00:00:00', 4, '2022-10-30 00:00:00', '2022-10-30 00:00:00', 1),
(386, '2022-10-30 01:00:00', 13, '2022-10-30 01:00:00', '2022-10-30 01:00:00', 1),
(387, '2022-10-30 02:00:00', 26, '2022-10-30 02:00:00', '2022-10-30 02:00:00', 1),
(388, '2022-10-30 03:00:00', 6, '2022-10-30 03:00:00', '2022-10-30 03:00:00', 3),
(389, '2022-10-30 04:00:00', 22, '2022-10-30 04:00:00', '2022-10-30 04:00:00', 2),
(390, '2022-10-30 05:00:00', 10, '2022-10-30 05:00:00', '2022-10-30 05:00:00', 3),
(391, '2022-10-30 06:00:00', 3, '2022-10-30 06:00:00', '2022-10-30 06:00:00', 3),
(392, '2022-10-30 07:00:00', 9, '2022-10-30 07:00:00', '2022-10-30 07:00:00', 1),
(393, '2022-10-30 08:00:00', 27, '2022-10-30 08:00:00', '2022-10-30 08:00:00', 3),
(394, '2022-10-30 09:00:00', 26, '2022-10-30 09:00:00', '2022-10-30 09:00:00', 2),
(395, '2022-10-30 10:00:00', 10, '2022-10-30 10:00:00', '2022-10-30 10:00:00', 3),
(396, '2022-10-30 11:00:00', 16, '2022-10-30 11:00:00', '2022-10-30 11:00:00', 3),
(397, '2022-10-30 12:00:00', 16, '2022-10-30 12:00:00', '2022-10-30 12:00:00', 2),
(398, '2022-10-30 13:00:00', 28, '2022-10-30 13:00:00', '2022-10-30 13:00:00', 3),
(399, '2022-10-30 14:00:00', 16, '2022-10-30 14:00:00', '2022-10-30 14:00:00', 3),
(400, '2022-10-30 15:00:00', 12, '2022-10-30 15:00:00', '2022-10-30 15:00:00', 2),
(401, '2022-10-30 16:00:00', 28, '2022-10-30 16:00:00', '2022-10-30 16:00:00', 3),
(402, '2022-10-30 17:00:00', 26, '2022-10-30 17:00:00', '2022-10-30 17:00:00', 2),
(403, '2022-10-30 18:00:00', 4, '2022-10-30 18:00:00', '2022-10-30 18:00:00', 2),
(404, '2022-10-30 19:00:00', 6, '2022-10-30 19:00:00', '2022-10-30 19:00:00', 1),
(405, '2022-10-30 20:00:00', 26, '2022-10-30 20:00:00', '2022-10-30 20:00:00', 2),
(406, '2022-10-30 21:00:00', 10, '2022-10-30 21:00:00', '2022-10-30 21:00:00', 1),
(407, '2022-10-30 22:00:00', 28, '2022-10-30 22:00:00', '2022-10-30 22:00:00', 2),
(408, '2022-10-30 23:00:00', 2, '2022-10-30 23:00:00', '2022-10-30 23:00:00', 1),
(409, '2022-10-31 00:00:00', 15, '2022-10-31 00:00:00', '2022-10-31 00:00:00', 3),
(410, '2022-10-31 01:00:00', 23, '2022-10-31 01:00:00', '2022-10-31 01:00:00', 1),
(411, '2022-10-31 02:00:00', 25, '2022-10-31 02:00:00', '2022-10-31 02:00:00', 1),
(412, '2022-10-31 03:00:00', 30, '2022-10-31 03:00:00', '2022-10-31 03:00:00', 1),
(413, '2022-10-31 04:00:00', 11, '2022-10-31 04:00:00', '2022-10-31 04:00:00', 2),
(414, '2022-10-31 05:00:00', 15, '2022-10-31 05:00:00', '2022-10-31 05:00:00', 2),
(415, '2022-10-31 06:00:00', 16, '2022-10-31 06:00:00', '2022-10-31 06:00:00', 2),
(416, '2022-10-31 07:00:00', 11, '2022-10-31 07:00:00', '2022-10-31 07:00:00', 3),
(417, '2022-10-31 08:00:00', 7, '2022-10-31 08:00:00', '2022-10-31 08:00:00', 1),
(418, '2022-10-31 09:00:00', 25, '2022-10-31 09:00:00', '2022-10-31 09:00:00', 1),
(419, '2022-10-31 10:00:00', 24, '2022-10-31 10:00:00', '2022-10-31 10:00:00', 3),
(420, '2022-10-31 11:00:00', 6, '2022-10-31 11:00:00', '2022-10-31 11:00:00', 1),
(421, '2022-10-31 12:00:00', 7, '2022-10-31 12:00:00', '2022-10-31 12:00:00', 3),
(422, '2022-10-31 13:00:00', 2, '2022-10-31 13:00:00', '2022-10-31 13:00:00', 3),
(423, '2022-10-31 14:00:00', 20, '2022-10-31 14:00:00', '2022-10-31 14:00:00', 3),
(424, '2022-10-31 15:00:00', 4, '2022-10-31 15:00:00', '2022-10-31 15:00:00', 1),
(425, '2022-10-31 16:00:00', 29, '2022-10-31 16:00:00', '2022-10-31 16:00:00', 3),
(426, '2022-10-31 17:00:00', 10, '2022-10-31 17:00:00', '2022-10-31 17:00:00', 1),
(427, '2022-10-31 18:00:00', 17, '2022-10-31 18:00:00', '2022-10-31 18:00:00', 2),
(428, '2022-10-31 19:00:00', 21, '2022-10-31 19:00:00', '2022-10-31 19:00:00', 2),
(429, '2022-10-31 20:00:00', 30, '2022-10-31 20:00:00', '2022-10-31 20:00:00', 3),
(430, '2022-10-31 21:00:00', 24, '2022-10-31 21:00:00', '2022-10-31 21:00:00', 2),
(431, '2022-10-31 22:00:00', 11, '2022-10-31 22:00:00', '2022-10-31 22:00:00', 1),
(432, '2022-10-31 23:00:00', 19, '2022-10-31 23:00:00', '2022-10-31 23:00:00', 1),
(433, '2022-11-01 00:00:00', 17, '2022-11-01 00:00:00', '2022-11-01 00:00:00', 1),
(434, '2022-11-01 01:00:00', 26, '2022-11-01 01:00:00', '2022-11-01 01:00:00', 3),
(435, '2022-11-01 02:00:00', 15, '2022-11-01 02:00:00', '2022-11-01 02:00:00', 1),
(436, '2022-11-01 03:00:00', 13, '2022-11-01 03:00:00', '2022-11-01 03:00:00', 1),
(437, '2022-11-01 04:00:00', 23, '2022-11-01 04:00:00', '2022-11-01 04:00:00', 3),
(438, '2022-11-01 05:00:00', 30, '2022-11-01 05:00:00', '2022-11-01 05:00:00', 1),
(439, '2022-11-01 06:00:00', 23, '2022-11-01 06:00:00', '2022-11-01 06:00:00', 3),
(440, '2022-11-01 07:00:00', 29, '2022-11-01 07:00:00', '2022-11-01 07:00:00', 2),
(441, '2022-11-01 08:00:00', 26, '2022-11-01 08:00:00', '2022-11-01 08:00:00', 3),
(442, '2022-11-01 09:00:00', 5, '2022-11-01 09:00:00', '2022-11-01 09:00:00', 2),
(443, '2022-11-01 10:00:00', 8, '2022-11-01 10:00:00', '2022-11-01 10:00:00', 2),
(444, '2022-11-01 11:00:00', 23, '2022-11-01 11:00:00', '2022-11-01 11:00:00', 2),
(445, '2022-11-01 12:00:00', 3, '2022-11-01 12:00:00', '2022-11-01 12:00:00', 2),
(446, '2022-11-01 13:00:00', 3, '2022-11-01 13:00:00', '2022-11-01 13:00:00', 2),
(447, '2022-11-01 14:00:00', 6, '2022-11-01 14:00:00', '2022-11-01 14:00:00', 2),
(448, '2022-11-01 15:00:00', 5, '2022-11-01 15:00:00', '2022-11-01 15:00:00', 2),
(449, '2022-11-01 16:00:00', 26, '2022-11-01 16:00:00', '2022-11-01 16:00:00', 3),
(450, '2022-11-01 17:00:00', 28, '2022-11-01 17:00:00', '2022-11-01 17:00:00', 1),
(451, '2022-11-01 18:00:00', 8, '2022-11-01 18:00:00', '2022-11-01 18:00:00', 3),
(452, '2022-11-01 19:00:00', 24, '2022-11-01 19:00:00', '2022-11-01 19:00:00', 3),
(453, '2022-11-01 20:00:00', 18, '2022-11-01 20:00:00', '2022-11-01 20:00:00', 2),
(454, '2022-11-01 21:00:00', 20, '2022-11-01 21:00:00', '2022-11-01 21:00:00', 2),
(455, '2022-11-01 22:00:00', 13, '2022-11-01 22:00:00', '2022-11-01 22:00:00', 3),
(456, '2022-11-01 23:00:00', 12, '2022-11-01 23:00:00', '2022-11-01 23:00:00', 3),
(457, '2022-11-02 00:00:00', 28, '2022-11-02 00:00:00', '2022-11-02 00:00:00', 3),
(458, '2022-11-02 01:00:00', 18, '2022-11-02 01:00:00', '2022-11-02 01:00:00', 2),
(459, '2022-11-02 02:00:00', 6, '2022-11-02 02:00:00', '2022-11-02 02:00:00', 1),
(460, '2022-11-02 03:00:00', 9, '2022-11-02 03:00:00', '2022-11-02 03:00:00', 3),
(461, '2022-11-02 04:00:00', 8, '2022-11-02 04:00:00', '2022-11-02 04:00:00', 2),
(462, '2022-11-02 05:00:00', 1, '2022-11-02 05:00:00', '2022-11-02 05:00:00', 2),
(463, '2022-11-02 06:00:00', 8, '2022-11-02 06:00:00', '2022-11-02 06:00:00', 3),
(464, '2022-11-02 07:00:00', 10, '2022-11-02 07:00:00', '2022-11-02 07:00:00', 1),
(465, '2022-11-02 08:00:00', 14, '2022-11-02 08:00:00', '2022-11-02 08:00:00', 1),
(466, '2022-11-02 09:00:00', 1, '2022-11-02 09:00:00', '2022-11-02 09:00:00', 2),
(467, '2022-11-02 10:00:00', 3, '2022-11-02 10:00:00', '2022-11-02 10:00:00', 3),
(468, '2022-11-02 11:00:00', 20, '2022-11-02 11:00:00', '2022-11-02 11:00:00', 3),
(469, '2022-11-02 12:00:00', 12, '2022-11-02 12:00:00', '2022-11-02 12:00:00', 3),
(470, '2022-11-02 13:00:00', 15, '2022-11-02 13:00:00', '2022-11-02 13:00:00', 1),
(471, '2022-11-02 14:00:00', 12, '2022-11-02 14:00:00', '2022-11-02 14:00:00', 2),
(472, '2022-11-02 15:00:00', 18, '2022-11-02 15:00:00', '2022-11-02 15:00:00', 3),
(473, '2022-11-02 16:00:00', 14, '2022-11-02 16:00:00', '2022-11-02 16:00:00', 2),
(474, '2022-11-02 17:00:00', 16, '2022-11-02 17:00:00', '2022-11-02 17:00:00', 2),
(475, '2022-11-02 18:00:00', 16, '2022-11-02 18:00:00', '2022-11-02 18:00:00', 1),
(476, '2022-11-02 19:00:00', 6, '2022-11-02 19:00:00', '2022-11-02 19:00:00', 2),
(477, '2022-11-02 20:00:00', 8, '2022-11-02 20:00:00', '2022-11-02 20:00:00', 3),
(478, '2022-11-02 21:00:00', 30, '2022-11-02 21:00:00', '2022-11-02 21:00:00', 3),
(479, '2022-11-02 22:00:00', 13, '2022-11-02 22:00:00', '2022-11-02 22:00:00', 2),
(480, '2022-11-02 23:00:00', 7, '2022-11-02 23:00:00', '2022-11-02 23:00:00', 2),
(481, '2022-11-03 00:00:00', 3, '2022-11-03 00:00:00', '2022-11-03 00:00:00', 2),
(482, '2022-11-03 01:00:00', 25, '2022-11-03 01:00:00', '2022-11-03 01:00:00', 1),
(483, '2022-11-03 02:00:00', 8, '2022-11-03 02:00:00', '2022-11-03 02:00:00', 1),
(484, '2022-11-03 03:00:00', 24, '2022-11-03 03:00:00', '2022-11-03 03:00:00', 2),
(485, '2022-11-03 04:00:00', 19, '2022-11-03 04:00:00', '2022-11-03 04:00:00', 1),
(486, '2022-11-03 05:00:00', 11, '2022-11-03 05:00:00', '2022-11-03 05:00:00', 3),
(487, '2022-11-03 06:00:00', 15, '2022-11-03 06:00:00', '2022-11-03 06:00:00', 1),
(488, '2022-11-03 07:00:00', 15, '2022-11-03 07:00:00', '2022-11-03 07:00:00', 2),
(489, '2022-11-03 08:00:00', 23, '2022-11-03 08:00:00', '2022-11-03 08:00:00', 2),
(490, '2022-11-03 09:00:00', 17, '2022-11-03 09:00:00', '2022-11-03 09:00:00', 3),
(491, '2022-11-03 10:00:00', 22, '2022-11-03 10:00:00', '2022-11-03 10:00:00', 3),
(492, '2022-11-03 11:00:00', 17, '2022-11-03 11:00:00', '2022-11-03 11:00:00', 2),
(493, '2022-11-03 12:00:00', 17, '2022-11-03 12:00:00', '2022-11-03 12:00:00', 2),
(494, '2022-11-03 13:00:00', 19, '2022-11-03 13:00:00', '2022-11-03 13:00:00', 3),
(495, '2022-11-03 14:00:00', 20, '2022-11-03 14:00:00', '2022-11-03 14:00:00', 1),
(496, '2022-11-03 15:00:00', 24, '2022-11-03 15:00:00', '2022-11-03 15:00:00', 1),
(497, '2022-11-03 16:00:00', 19, '2022-11-03 16:00:00', '2022-11-03 16:00:00', 3),
(498, '2022-11-03 17:00:00', 29, '2022-11-03 17:00:00', '2022-11-03 17:00:00', 1),
(499, '2022-11-03 18:00:00', 30, '2022-11-03 18:00:00', '2022-11-03 18:00:00', 2),
(500, '2022-11-03 19:00:00', 20, '2022-11-03 19:00:00', '2022-11-03 19:00:00', 3);

INSERT INTO `DeviceUserHistories` (`id`, `takenAt`, `usage`, `createdAt`, `updatedAt`, `DeviceUserId`) VALUES
(501, '2022-11-03 20:00:00', 19, '2022-11-03 20:00:00', '2022-11-03 20:00:00', 1),
(502, '2022-11-03 21:00:00', 12, '2022-11-03 21:00:00', '2022-11-03 21:00:00', 2),
(503, '2022-11-03 22:00:00', 1, '2022-11-03 22:00:00', '2022-11-03 22:00:00', 3),
(504, '2022-11-03 23:00:00', 15, '2022-11-03 23:00:00', '2022-11-03 23:00:00', 2),
(505, '2022-11-04 00:00:00', 16, '2022-11-04 00:00:00', '2022-11-04 00:00:00', 2),
(506, '2022-11-04 01:00:00', 3, '2022-11-04 01:00:00', '2022-11-04 01:00:00', 3),
(507, '2022-11-04 02:00:00', 26, '2022-11-04 02:00:00', '2022-11-04 02:00:00', 3),
(508, '2022-11-04 03:00:00', 21, '2022-11-04 03:00:00', '2022-11-04 03:00:00', 2),
(509, '2022-11-04 04:00:00', 7, '2022-11-04 04:00:00', '2022-11-04 04:00:00', 1),
(510, '2022-11-04 05:00:00', 20, '2022-11-04 05:00:00', '2022-11-04 05:00:00', 2),
(511, '2022-11-04 06:00:00', 20, '2022-11-04 06:00:00', '2022-11-04 06:00:00', 1),
(512, '2022-11-04 07:00:00', 15, '2022-11-04 07:00:00', '2022-11-04 07:00:00', 1),
(513, '2022-11-04 08:00:00', 22, '2022-11-04 08:00:00', '2022-11-04 08:00:00', 2),
(514, '2022-11-04 09:00:00', 16, '2022-11-04 09:00:00', '2022-11-04 09:00:00', 2),
(515, '2022-11-04 10:00:00', 11, '2022-11-04 10:00:00', '2022-11-04 10:00:00', 2),
(516, '2022-11-04 11:00:00', 20, '2022-11-04 11:00:00', '2022-11-04 11:00:00', 3),
(517, '2022-11-04 12:00:00', 1, '2022-11-04 12:00:00', '2022-11-04 12:00:00', 2),
(518, '2022-11-04 13:00:00', 24, '2022-11-04 13:00:00', '2022-11-04 13:00:00', 3),
(519, '2022-11-04 14:00:00', 3, '2022-11-04 14:00:00', '2022-11-04 14:00:00', 1),
(520, '2022-11-04 15:00:00', 13, '2022-11-04 15:00:00', '2022-11-04 15:00:00', 2),
(521, '2022-11-04 16:00:00', 23, '2022-11-04 16:00:00', '2022-11-04 16:00:00', 1),
(522, '2022-11-04 17:00:00', 24, '2022-11-04 17:00:00', '2022-11-04 17:00:00', 1),
(523, '2022-11-04 18:00:00', 29, '2022-11-04 18:00:00', '2022-11-04 18:00:00', 1),
(524, '2022-11-04 19:00:00', 9, '2022-11-04 19:00:00', '2022-11-04 19:00:00', 3),
(525, '2022-11-04 20:00:00', 24, '2022-11-04 20:00:00', '2022-11-04 20:00:00', 1),
(526, '2022-11-04 21:00:00', 1, '2022-11-04 21:00:00', '2022-11-04 21:00:00', 1),
(527, '2022-11-04 22:00:00', 20, '2022-11-04 22:00:00', '2022-11-04 22:00:00', 2),
(528, '2022-11-04 23:00:00', 22, '2022-11-04 23:00:00', '2022-11-04 23:00:00', 2),
(529, '2022-11-05 00:00:00', 17, '2022-11-05 00:00:00', '2022-11-05 00:00:00', 1),
(530, '2022-11-05 01:00:00', 6, '2022-11-05 01:00:00', '2022-11-05 01:00:00', 2),
(531, '2022-11-05 02:00:00', 10, '2022-11-05 02:00:00', '2022-11-05 02:00:00', 2),
(532, '2022-11-05 03:00:00', 30, '2022-11-05 03:00:00', '2022-11-05 03:00:00', 3),
(533, '2022-11-05 04:00:00', 27, '2022-11-05 04:00:00', '2022-11-05 04:00:00', 3),
(534, '2022-11-05 05:00:00', 22, '2022-11-05 05:00:00', '2022-11-05 05:00:00', 1),
(535, '2022-11-05 06:00:00', 16, '2022-11-05 06:00:00', '2022-11-05 06:00:00', 2),
(536, '2022-11-05 07:00:00', 5, '2022-11-05 07:00:00', '2022-11-05 07:00:00', 1),
(537, '2022-11-05 08:00:00', 15, '2022-11-05 08:00:00', '2022-11-05 08:00:00', 1),
(538, '2022-11-05 09:00:00', 1, '2022-11-05 09:00:00', '2022-11-05 09:00:00', 1),
(539, '2022-11-05 10:00:00', 2, '2022-11-05 10:00:00', '2022-11-05 10:00:00', 3),
(540, '2022-11-05 11:00:00', 16, '2022-11-05 11:00:00', '2022-11-05 11:00:00', 3),
(541, '2022-11-05 12:00:00', 27, '2022-11-05 12:00:00', '2022-11-05 12:00:00', 2),
(542, '2022-11-05 13:00:00', 10, '2022-11-05 13:00:00', '2022-11-05 13:00:00', 1),
(543, '2022-11-05 14:00:00', 5, '2022-11-05 14:00:00', '2022-11-05 14:00:00', 1),
(544, '2022-11-05 15:00:00', 20, '2022-11-05 15:00:00', '2022-11-05 15:00:00', 3),
(545, '2022-11-05 16:00:00', 5, '2022-11-05 16:00:00', '2022-11-05 16:00:00', 2),
(546, '2022-11-05 17:00:00', 20, '2022-11-05 17:00:00', '2022-11-05 17:00:00', 2),
(547, '2022-11-05 18:00:00', 27, '2022-11-05 18:00:00', '2022-11-05 18:00:00', 2),
(548, '2022-11-05 19:00:00', 13, '2022-11-05 19:00:00', '2022-11-05 19:00:00', 1),
(549, '2022-11-05 20:00:00', 30, '2022-11-05 20:00:00', '2022-11-05 20:00:00', 1),
(550, '2022-11-05 21:00:00', 1, '2022-11-05 21:00:00', '2022-11-05 21:00:00', 1),
(551, '2022-11-05 22:00:00', 29, '2022-11-05 22:00:00', '2022-11-05 22:00:00', 3),
(552, '2022-11-05 23:00:00', 9, '2022-11-05 23:00:00', '2022-11-05 23:00:00', 1),
(553, '2022-11-06 00:00:00', 25, '2022-11-06 00:00:00', '2022-11-06 00:00:00', 3),
(554, '2022-11-06 01:00:00', 26, '2022-11-06 01:00:00', '2022-11-06 01:00:00', 3),
(555, '2022-11-06 02:00:00', 16, '2022-11-06 02:00:00', '2022-11-06 02:00:00', 1),
(556, '2022-11-06 03:00:00', 2, '2022-11-06 03:00:00', '2022-11-06 03:00:00', 3),
(557, '2022-11-06 04:00:00', 14, '2022-11-06 04:00:00', '2022-11-06 04:00:00', 2),
(558, '2022-11-06 05:00:00', 18, '2022-11-06 05:00:00', '2022-11-06 05:00:00', 2),
(559, '2022-11-06 06:00:00', 26, '2022-11-06 06:00:00', '2022-11-06 06:00:00', 1),
(560, '2022-11-06 07:00:00', 25, '2022-11-06 07:00:00', '2022-11-06 07:00:00', 1),
(561, '2022-11-06 08:00:00', 26, '2022-11-06 08:00:00', '2022-11-06 08:00:00', 1),
(562, '2022-11-06 09:00:00', 18, '2022-11-06 09:00:00', '2022-11-06 09:00:00', 2),
(563, '2022-11-06 10:00:00', 27, '2022-11-06 10:00:00', '2022-11-06 10:00:00', 3),
(564, '2022-11-06 11:00:00', 20, '2022-11-06 11:00:00', '2022-11-06 11:00:00', 1),
(565, '2022-11-06 12:00:00', 9, '2022-11-06 12:00:00', '2022-11-06 12:00:00', 3),
(566, '2022-11-06 13:00:00', 14, '2022-11-06 13:00:00', '2022-11-06 13:00:00', 2),
(567, '2022-11-06 14:00:00', 12, '2022-11-06 14:00:00', '2022-11-06 14:00:00', 2),
(568, '2022-11-06 15:00:00', 9, '2022-11-06 15:00:00', '2022-11-06 15:00:00', 1),
(569, '2022-11-06 16:00:00', 30, '2022-11-06 16:00:00', '2022-11-06 16:00:00', 3),
(570, '2022-11-06 17:00:00', 22, '2022-11-06 17:00:00', '2022-11-06 17:00:00', 3),
(571, '2022-11-06 18:00:00', 9, '2022-11-06 18:00:00', '2022-11-06 18:00:00', 1),
(572, '2022-11-06 19:00:00', 9, '2022-11-06 19:00:00', '2022-11-06 19:00:00', 3),
(573, '2022-11-06 20:00:00', 3, '2022-11-06 20:00:00', '2022-11-06 20:00:00', 3),
(574, '2022-11-06 21:00:00', 10, '2022-11-06 21:00:00', '2022-11-06 21:00:00', 3),
(575, '2022-11-06 22:00:00', 15, '2022-11-06 22:00:00', '2022-11-06 22:00:00', 2),
(576, '2022-11-06 23:00:00', 9, '2022-11-06 23:00:00', '2022-11-06 23:00:00', 2),
(577, '2022-11-07 00:00:00', 19, '2022-11-07 00:00:00', '2022-11-07 00:00:00', 2),
(578, '2022-11-07 01:00:00', 26, '2022-11-07 01:00:00', '2022-11-07 01:00:00', 1),
(579, '2022-11-07 02:00:00', 8, '2022-11-07 02:00:00', '2022-11-07 02:00:00', 2),
(580, '2022-11-07 03:00:00', 14, '2022-11-07 03:00:00', '2022-11-07 03:00:00', 1),
(581, '2022-11-07 04:00:00', 30, '2022-11-07 04:00:00', '2022-11-07 04:00:00', 2),
(582, '2022-11-07 05:00:00', 13, '2022-11-07 05:00:00', '2022-11-07 05:00:00', 2),
(583, '2022-11-07 06:00:00', 27, '2022-11-07 06:00:00', '2022-11-07 06:00:00', 1),
(584, '2022-11-07 07:00:00', 7, '2022-11-07 07:00:00', '2022-11-07 07:00:00', 3),
(585, '2022-11-07 08:00:00', 26, '2022-11-07 08:00:00', '2022-11-07 08:00:00', 2),
(586, '2022-11-07 09:00:00', 20, '2022-11-07 09:00:00', '2022-11-07 09:00:00', 2),
(587, '2022-11-07 10:00:00', 21, '2022-11-07 10:00:00', '2022-11-07 10:00:00', 2),
(588, '2022-11-07 11:00:00', 11, '2022-11-07 11:00:00', '2022-11-07 11:00:00', 3),
(589, '2022-11-07 12:00:00', 23, '2022-11-07 12:00:00', '2022-11-07 12:00:00', 2),
(590, '2022-11-07 13:00:00', 22, '2022-11-07 13:00:00', '2022-11-07 13:00:00', 1),
(591, '2022-11-07 14:00:00', 2, '2022-11-07 14:00:00', '2022-11-07 14:00:00', 2),
(592, '2022-11-07 15:00:00', 14, '2022-11-07 15:00:00', '2022-11-07 15:00:00', 2),
(593, '2022-11-07 16:00:00', 3, '2022-11-07 16:00:00', '2022-11-07 16:00:00', 1),
(594, '2022-11-07 17:00:00', 9, '2022-11-07 17:00:00', '2022-11-07 17:00:00', 2),
(595, '2022-11-07 18:00:00', 12, '2022-11-07 18:00:00', '2022-11-07 18:00:00', 2),
(596, '2022-11-07 19:00:00', 14, '2022-11-07 19:00:00', '2022-11-07 19:00:00', 1),
(597, '2022-11-07 20:00:00', 7, '2022-11-07 20:00:00', '2022-11-07 20:00:00', 3),
(598, '2022-11-07 21:00:00', 7, '2022-11-07 21:00:00', '2022-11-07 21:00:00', 1),
(599, '2022-11-07 22:00:00', 27, '2022-11-07 22:00:00', '2022-11-07 22:00:00', 3),
(600, '2022-11-07 23:00:00', 10, '2022-11-07 23:00:00', '2022-11-07 23:00:00', 2);

INSERT INTO `DeviceUsers` (`id`, `deviceData`, `createdAt`, `updatedAt`, `UserId`, `DeviceId`) VALUES
(1, '\"{\\\"on\\\":false,\\\"totalSpots\\\":5,\\\"takenSpots\\\":2,\\\"availableSpots\\\":3}\"', '2022-10-16 11:02:18', '2022-10-24 16:27:52', 1, 1),
(2, '\"{\\\"on\\\":true,\\\"temperature\\\":26,\\\"humidity\\\":41}\"', '2022-10-16 11:05:09', '2022-10-24 16:28:01', 1, 2),
(3, '\"{\\\"on\\\":false}\"', '2022-10-16 11:05:29', '2022-10-17 08:50:39', 1, 3),
(4, '\"{\\\"on\\\":false,\\\"totalSpots\\\":4,\\\"takenSpots\\\":3,\\\"availableSpots\\\":1}\"', '2022-10-16 11:07:23', '2022-10-16 12:34:00', 2, 1),
(5, '\"{\\\"on\\\":true,\\\"temperature\\\":20,\\\"humidity\\\":41}\"', '2022-10-16 11:07:44', '2022-10-16 17:02:53', 2, 2),
(6, '\"{\\\"on\\\":true}\"', '2022-10-16 12:33:12', '2022-10-16 17:03:18', 2, 3);

INSERT INTO `Users` (`id`, `name`, `slug`, `createdAt`, `updatedAt`) VALUES
(1, 'Lucy Connor', 'lucy-connor', '2022-10-16 11:01:17', '2022-10-16 11:01:17'),
(2, 'Johny Harris', 'johny-harris', '2022-10-16 11:06:43', '2022-10-16 11:06:43');



/*!40101 SET SQL_MODE=@OLD_SQL_MODE */;
/*!40014 SET FOREIGN_KEY_CHECKS=@OLD_FOREIGN_KEY_CHECKS */;
/*!40014 SET UNIQUE_CHECKS=@OLD_UNIQUE_CHECKS */;
/*!40101 SET CHARACTER_SET_CLIENT=@OLD_CHARACTER_SET_CLIENT */;
/*!40101 SET CHARACTER_SET_RESULTS=@OLD_CHARACTER_SET_RESULTS */;
/*!40101 SET COLLATION_CONNECTION=@OLD_COLLATION_CONNECTION */;
/*!40111 SET SQL_NOTES=@OLD_SQL_NOTES */;